name,bus,type,build_year,p_nom,carrier,address,province,capital_cost,company,membership,market,control,cc_group,x,y,close_year,lifespan
강릉안인#1,KR,ST,2022,1040,bituminous,강원 강릉시 강동면,강원특별자치도,1462552000,강릉에코파워(주),정회원,시장,중앙,,129.006,37.717,,
강릉안인#2,KR,ST,2022,1040,bituminous,강원 강릉시 강동면,강원특별자치도,1462552000,강릉에코파워(주),정회원,시장,중앙,,129.006,37.717,,
남제주#1,KR,renewable,2006,100,bio,제주 서귀포시 안덕면,제주특별자치도,1469000000,남부발전㈜,정회원,시장,중앙,,126.314,33.235,,
남제주#2,KR,renewable,2007,100,bio,제주 서귀포시 안덕면,제주특별자치도,1469000000,남부발전㈜,정회원,시장,중앙,,126.314,33.235,,
당진#1,KR,ST,1999,500,bituminous,충남 당진시 석문면,충청남도,1646894000,동서발전㈜,정회원,시장,중앙,,126.535,37.008,2029,30
당진#10,KR,ST,2016,1020,bituminous,충남 당진시 석문면,충청남도,1479050000,동서발전㈜,정회원,시장,중앙,,126.535,37.008,,
당진#2,KR,ST,1999,500,bituminous,충남 당진시 석문면,충청남도,1646894000,동서발전㈜,정회원,시장,중앙,,126.535,37.008,2029,30
당진#3,KR,ST,2000,500,bituminous,충남 당진시 석문면,충청남도,1139396000,동서발전㈜,정회원,시장,중앙,,126.535,37.008,2030,30
당진#4,KR,ST,2001,500,bituminous,충남 당진시 석문면,충청남도,1139396000,동서발전㈜,정회원,시장,중앙,,126.535,37.008,2030,29
당진#5,KR,ST,2005,500,bituminous,충남 당진시 석문면,충청남도,940867000,동서발전㈜,정회원,시장,중앙,,126.535,37.008,2036,31
당진#6,KR,ST,2006,500,bituminous,충남 당진시 석문면,충청남도,940867000,동서발전㈜,정회원,시장,중앙,,126.535,37.008,2036,30
당진#7,KR,ST,2007,500,bituminous,충남 당진시 석문면,충청남도,836200000,동서발전㈜,정회원,시장,중앙,,126.535,37.008,2037,30
당진#8,KR,ST,2007,500,bituminous,충남 당진시 석문면,충청남도,836200000,동서발전㈜,정회원,시장,중앙,,126.535,37.008,2037,30
당진#9,KR,ST,2016,1020,bituminous,충남 당진시 석문면,충청남도,1479050000,동서발전㈜,정회원,시장,중앙,,126.535,37.008,,
동해#1,KR,ST,1998,200,anthracite,강원 동해시 구호동,강원특별자치도,1409448000,동서발전㈜,정회원,시장,중앙,,129.146,37.485,2029,31
동해#2,KR,ST,1999,200,anthracite,강원 동해시 구호동,강원특별자치도,1409448000,동서발전㈜,정회원,시장,중앙,,129.146,37.485,2029,30
보령#1,KR,ST,1983,500,bituminous,충남 보령군 오천면,충청남도,690824000,중부발전㈜,정회원,시장,중앙,,126.523,36.437,,
보령#2,KR,ST,1984,500,bituminous,충남 보령군 오천면,충청남도,690824000,중부발전㈜,정회원,시장,중앙,,126.523,36.437,,
보령#3,KR,ST,1993,500,bituminous,충남 보령군 오천면,충청남도,764584000,중부발전㈜,정회원,시장,중앙,,126.523,36.437,2038,45
보령#4,KR,ST,1993,500,bituminous,충남 보령군 오천면,충청남도,764584000,중부발전㈜,정회원,시장,중앙,,126.523,36.437,2038,45
보령#5,KR,ST,1993,500,bituminous,충남 보령군 오천면,충청남도,690824000,중부발전㈜,정회원,시장,중앙,,126.523,36.437,2026,33
보령#6,KR,ST,1994,500,bituminous,충남 보령군 오천면,충청남도,690824000,중부발전㈜,정회원,시장,중앙,,126.523,36.437,2027,33
보령#7,KR,ST,2008,500,bituminous,충남 보령군 오천면,충청남도,1265000000,중부발전㈜,정회원,시장,중앙,,126.523,36.437,2038,30
보령#8,KR,ST,2008,500,bituminous,충남 보령군 오천면,충청남도,1265000000,중부발전㈜,정회원,시장,중앙,,126.523,36.437,2038,30
북평#1,KR,ST,2017,595,bituminous,강원 동해시 공단4로,강원특별자치도,1328826000,㈜GS 동해전력,정회원,시장,중앙,,129.138,37.484,,
북평#2,KR,ST,2017,595,bituminous,강원 동해시 공단4로,강원특별자치도,1328826000,㈜GS 동해전력,정회원,시장,중앙,,129.138,37.484,,
삼척그린파워 #1,KR,ST,2016,1022,bituminous,강원 삼척시 원덕읍,강원특별자치도,1951115000,남부발전㈜,정회원,시장,중앙,,129.301,37.187,,
삼척그린파워 #2,KR,ST,2017,1022,bituminous,강원 삼척시 원덕읍,강원특별자치도,1951115000,남부발전㈜,정회원,시장,중앙,,129.301,37.187,,
삼천포#1,KR,ST,1983,560,bituminous,경남 고성군 하이면 덕호리,경상남도,690824000,남동발전㈜,정회원,시장,중앙,,128.143,34.938,,
삼천포#2,KR,ST,1984,560,bituminous,경남 고성군 하이면 덕호리,경상남도,690824000,남동발전㈜,정회원,시장,중앙,,128.143,34.938,,
삼천포#3,KR,ST,1993,560,bituminous,경남 고성군 하이면 덕호리,경상남도,629660000,남동발전㈜,정회원,시장,중앙,,128.143,34.938,2027,34
삼천포#4,KR,ST,1994,560,bituminous,경남 고성군 하이면 덕호리,경상남도,629660000,남동발전㈜,정회원,시장,중앙,,128.143,34.938,2027,33
삼천포#5,KR,ST,1997,500,bituminous,경남 고성군 하이면 덕호리,경상남도,818230000,남동발전㈜,정회원,시장,중앙,,128.143,34.938,2028,31
삼천포#6,KR,ST,1998,500,bituminous,경남 고성군 하이면 덕호리,경상남도,818230000,남동발전㈜,정회원,시장,중앙,,128.143,34.938,2029,31
신보령#1,KR,ST,2017,1019.029,bituminous,충남 보령시 오천면,충청남도,1462552000,중부발전㈜,정회원,시장,중앙,,126.523,36.437,,
신보령#2,KR,ST,2017,1019.029,bituminous,충남 보령시 오천면,충청남도,1462552000,중부발전㈜,정회원,시장,중앙,,126.523,36.437,,
여수#1,KR,ST,2016,340,bituminous,전남 여수시 증흥동,전라남도,1265000000,남동발전㈜,정회원,시장,중앙,,127.74,34.741,,
여수#2,KR,ST,1977,328.6,bituminous,전남 여수시 증흥동,전라남도,83681000,남동발전㈜,정회원,시장,중앙,,127.74,34.741,,
영동#2,KR,renewable,1979,200,bio,강원 강릉시 강동면,강원특별자치도,313228000,남동발전㈜,정회원,시장,중앙,,129.006,37.717,,
영흥#1,KR,ST,2004,800,bituminous,인천 옹진군 영흥면,인천광역시,1124124000,남동발전㈜,정회원,시장,중앙,,126.486,37.239,2034,30
영흥#2,KR,ST,2004,800,bituminous,인천 옹진군 영흥면,인천광역시,1124124000,남동발전㈜,정회원,시장,중앙,,126.486,37.239,2034,30
영흥#3,KR,ST,2008,870,bituminous,인천 옹진군 영흥면,인천광역시,895196000,남동발전㈜,정회원,시장,중앙,,126.486,37.239,2038,30
영흥#4,KR,ST,2008,870,bituminous,인천 옹진군 영흥면,인천광역시,895196000,남동발전㈜,정회원,시장,중앙,,126.486,37.239,,
영흥#5,KR,ST,2014,870,bituminous,인천 옹진군 영흥면,인천광역시,1443441000,남동발전㈜,정회원,시장,중앙,,126.486,37.239,,
영흥#6,KR,ST,2014,870,bituminous,인천 옹진군 영흥면,인천광역시,1443441000,남동발전㈜,정회원,시장,중앙,,126.486,37.239,,
울산#4,KR,ST,1980,400,heavy oil,울산 남구 남화동,울산광역시,244659000,동서발전㈜,정회원,시장,중앙,,129.382,35.477,,
울산#5,KR,ST,1980,400,heavy oil,울산 남구 남화동,울산광역시,244659000,동서발전㈜,정회원,시장,중앙,,129.382,35.477,,
울산#6,KR,ST,1981,400,heavy oil,울산 남구 남화동,울산광역시,244659000,동서발전㈜,정회원,시장,중앙,,129.382,35.477,,
제주#2,KR,renewable,2000,75,bio,제주 제주시 삼양동,제주특별자치도,1469000000,중부발전㈜,정회원,시장,중앙,,126.595,33.534,,
제주#3,KR,renewable,2000,75,bio,제주 제주시 삼양동,제주특별자치도,1469000000,중부발전㈜,정회원,시장,중앙,,126.595,33.534,,
태안#1,KR,ST,1995,500,bituminous,충남 태안군 원북면 방갈리,충청남도,1175477000,서부발전㈜,정회원,시장,중앙,,126.238,36.826,2025,30
태안#10,KR,ST,2017,1050,bituminous,충남 태안군 원북면 방갈리,충청남도,1392652000,서부발전㈜,정회원,시장,중앙,,126.238,36.826,,
태안#2,KR,ST,1995,500,bituminous,충남 태안군 원북면 방갈리,충청남도,1175477000,서부발전㈜,정회원,시장,중앙,,126.238,36.826,2026,31
태안#3,KR,ST,1997,500,bituminous,충남 태안군 원북면 방갈리,충청남도,693424000,서부발전㈜,정회원,시장,중앙,,126.238,36.826,2028,31
태안#4,KR,ST,1997,500,bituminous,충남 태안군 원북면 방갈리,충청남도,693424000,서부발전㈜,정회원,시장,중앙,,126.238,36.826,2029,32
태안#5,KR,ST,2001,500,bituminous,충남 태안군 원북면 방갈리,충청남도,820900000,서부발전㈜,정회원,시장,중앙,,126.238,36.826,2032,31
태안#6,KR,ST,2002,500,bituminous,충남 태안군 원북면 방갈리,충청남도,820900000,서부발전㈜,정회원,시장,중앙,,126.238,36.826,2032,30
태안#7,KR,ST,2007,500,bituminous,충남 태안군 원북면 방갈리,충청남도,905729000,서부발전㈜,정회원,시장,중앙,,126.238,36.826,2037,30
태안#8,KR,ST,2007,500,bituminous,충남 태안군 원북면 방갈리,충청남도,905729000,서부발전㈜,정회원,시장,중앙,,126.238,36.826,2037,30
태안#9,KR,ST,2016,1050,bituminous,충남 태안군 원북면 방갈리,충청남도,1392652000,서부발전㈜,정회원,시장,중앙,,126.238,36.826,,
평택#1,KR,ST,1980,350,LNG,경기 평택시 포승면,경기도,185747000,서부발전㈜,정회원,시장,중앙,,126.93,36.987,2025,45
평택#2,KR,ST,1980,350,LNG,경기 평택시 포승면,경기도,185747000,서부발전㈜,정회원,시장,중앙,,126.93,36.987,2025,45
평택#3,KR,ST,1983,350,LNG,경기 평택시 포승면,경기도,244659000,서부발전㈜,정회원,시장,중앙,,126.93,36.987,2025,42
평택#4,KR,ST,1983,350,LNG,경기 평택시 포승면,경기도,244659000,서부발전㈜,정회원,시장,중앙,,126.93,36.987,2025,42
하동#1,KR,ST,1997,500,bituminous,경남 하동군 금성면,경상남도,991424000,남부발전㈜,정회원,시장,중앙,,127.793,34.964,2026,29
하동#2,KR,ST,1997,500,bituminous,경남 하동군 금성면,경상남도,991424000,남부발전㈜,정회원,시장,중앙,,127.793,34.964,2027,30
하동#3,KR,ST,1998,500,bituminous,경남 하동군 금성면,경상남도,883069000,남부발전㈜,정회원,시장,중앙,,127.793,34.964,2027,29
하동#4,KR,ST,1999,500,bituminous,경남 하동군 금성면,경상남도,883069000,남부발전㈜,정회원,시장,중앙,,127.793,34.964,2028,29
하동#5,KR,ST,2000,500,bituminous,경남 하동군 금성면,경상남도,994264000,남부발전㈜,정회원,시장,중앙,,127.793,34.964,2031,31
하동#6,KR,ST,2001,500,bituminous,경남 하동군 금성면,경상남도,994264000,남부발전㈜,정회원,시장,중앙,,127.793,34.964,2031,30
하동#7,KR,ST,2008,500,bituminous,경남 하동군 금성면,경상남도,1130857000,남부발전㈜,정회원,시장,중앙,,127.793,34.964,,
하동#8,KR,ST,2009,500,bituminous,경남 하동군 금성면,경상남도,962841000,남부발전㈜,정회원,시장,중앙,,127.793,34.964,,
호남#1,KR,ST,1973,250,bituminous,전남 여수시 월내동,전라남도,83681000,동서발전㈜,정회원,시장,중앙,,127.728,34.848,,
호남#2,KR,ST,1973,250,bituminous,전남 여수시 월내동,전라남도,83681000,동서발전㈜,정회원,시장,중앙,,127.728,34.848,,
가거도_1,KR,ICE,2004,0.3,diesel,전남 신안군 흑산면 가거도리,전라남도,957880000,한국전력,비회원,시장외,비중앙,,125.109,34.077,,
가거도_2,KR,ICE,2009,0.75,diesel,전남 신안군 흑산면 가거도리,전라남도,957880000,한국전력,비회원,시장외,비중앙,,125.109,34.077,,
가의도,KR,ICE,1996,0.24,diesel,충남 태안군 근흥면 가의도리,충청남도,1762192500,한국전력,비회원,시장외,비중앙,,126.158,36.696,,
가파도,KR,ICE,1993,0.45,diesel,제주 서귀포시 대정읍 가파리,제주특별자치도,1762192500,한국전력,비회원,시장외,비중앙,,126.271,33.17,,
개야도_1,KR,ICE,1994,0.5,diesel,전북 군산시 옥도면 개야도리,전북특별자치도,1762192500,한국전력,비회원,시장외,비중앙,,126.376,35.851,,
개야도_2,KR,ICE,2006,1,diesel,전북 군산시 옥도면 개야도리,전북특별자치도,957880000,한국전력,비회원,시장외,비중앙,,126.376,35.851,,
거문도_1,KR,ICE,1989,2,diesel,전남 여수시 삼산면 덕촌리,전라남도,1762192500,한국전력,비회원,시장외,비중앙,,127.303,34.108,,
거문도_2,KR,ICE,1997,0.5,diesel,전남 여수시 삼산면 덕촌리,전라남도,1762192500,한국전력,비회원,시장외,비중앙,,127.303,34.108,,
거문도_3,KR,ICE,2005,2,diesel,전남 여수시 삼산면 덕촌리,전라남도,957880000,한국전력,비회원,시장외,비중앙,,127.303,34.108,,
고대도_1,KR,ICE,1996,0.1,diesel,충남 보령시 오천면,충청남도,1762192500,한국전력,비회원,시장외,비중앙,,126.523,36.437,,
고대도_2,KR,ICE,1996,0.3,diesel,충남 보령시 오천면,충청남도,1762192500,한국전력,비회원,시장외,비중앙,,126.523,36.437,,
구자도,KR,ICE,2007,0.24,diesel,전남 진도군 의신면,전라남도,957880000,한국전력,비회원,시장외,비중앙,,126.292,34.419,,
낙월도,KR,ICE,1994,0.75,diesel,전남 영광군 낙월면,전라남도,1762192500,한국전력,비회원,시장외,비중앙,,126.036,35.341,,
녹도_1,KR,ICE,1996,0.16,diesel,충남 보령시 오천면,충청남도,1762192500,한국전력,비회원,시장외,비중앙,,126.523,36.437,,
녹도_2,KR,ICE,2011,0.1,diesel,충남 보령시 오천면,충청남도,957880000,한국전력,비회원,시장외,비중앙,,126.523,36.437,,
대청도_1,KR,ICE,1995,0.45,diesel,인천 옹진군 대청면 대청리,인천광역시,1762192500,한국전력,비회원,시장외,비중앙,,124.706,37.808,,
대청도_2,KR,ICE,2006,0.5,diesel,인천 옹진군 대청면 대청리,인천광역시,957880000,한국전력,비회원,시장외,비중앙,,124.706,37.808,,
대청도_3,KR,ICE,2011,2.6,diesel,인천 옹진군 대청면 대청리,인천광역시,957880000,한국전력,비회원,시장외,비중앙,,124.706,37.808,,
덕우도_1,KR,ICE,1996,0.24,diesel,전남 완도군 생일면 봉선리,전라남도,1762192500,한국전력,비회원,시장외,비중앙,,126.978,34.321,,
덕우도_2,KR,ICE,2000,0.15,diesel,전남 완도군 생일면 봉선리,전라남도,1762192500,한국전력,비회원,시장외,비중앙,,126.978,34.321,,
덕적도_1,KR,ICE,1989,0.9,diesel,인천 옹진군 덕적면,인천광역시,1762192500,한국전력,비회원,시장외,비중앙,,126.116,37.232,,
덕적도_2,KR,ICE,1997,0.5,diesel,인천 옹진군 덕적면,인천광역시,1762192500,한국전력,비회원,시장외,비중앙,,126.116,37.232,,
덕적도_3,KR,ICE,2001,0.5,diesel,인천 옹진군 덕적면,인천광역시,957880000,한국전력,비회원,시장외,비중앙,,126.116,37.232,,
덕적도_4,KR,ICE,2005,1,diesel,인천 옹진군 덕적면,인천광역시,957880000,한국전력,비회원,시장외,비중앙,,126.116,37.232,,
독거도_1,KR,ICE,2004,0.08,diesel,전남 진도군 조도면,전라남도,957880000,한국전력,비회원,시장외,비중앙,,126.007,34.309,,
독거도_2,KR,ICE,2010,0.08,diesel,전남 진도군 조도면,전라남도,957880000,한국전력,비회원,시장외,비중앙,,126.007,34.309,,
득량도,KR,ICE,1994,0.3,diesel,전남 고흥군 도양읍,전라남도,1762192500,한국전력,비회원,시장외,비중앙,,127.15,34.533,,
마라도_1,KR,ICE,2011,0.3,diesel,제주 서귀포시 대정읍,제주특별자치도,957880000,한국전력,비회원,시장외,비중앙,,126.284,33.288,,
마라도_2,KR,ICE,2011,0.2,diesel,제주 서귀포시 대정읍,제주특별자치도,957880000,한국전력,비회원,시장외,비중앙,,126.284,33.288,,
마라도_3,KR,ICE,2013,0.2,diesel,제주 서귀포시 대정읍,제주특별자치도,957880000,한국전력,비회원,시장외,비중앙,,126.284,33.288,,
매물도,KR,ICE,1994,0.45,diesel,경남 통영시 한산면,경상남도,1762192500,한국전력,비회원,시장외,비중앙,,128.492,34.763,,
문갑도,KR,ICE,2004,0.24,diesel,인천 옹진군 덕적면,인천광역시,957880000,한국전력,비회원,시장외,비중앙,,126.116,37.232,,
백령도_1,KR,ICE,1999,4.5,diesel,인천시 옹진군 백령면,인천광역시,1762192500,한국전력,비회원,시장외,비중앙,,124.68,37.949,,
백령도_2,KR,ICE,2001,1.5,diesel,인천시 옹진군 백령면,인천광역시,957880000,한국전력,비회원,시장외,비중앙,,124.68,37.949,,
백령도_3,KR,ICE,2003,3,diesel,인천시 옹진군 백령면,인천광역시,957880000,한국전력,비회원,시장외,비중앙,,124.68,37.949,,
백령도_4,KR,ICE,2013,6,diesel,인천시 옹진군 백령면,인천광역시,957880000,한국전력,비회원,시장외,비중앙,,124.68,37.949,,
비안도,KR,ICE,1994,0.45,diesel,전북 군산시 옥도면 비안도리,전북특별자치도,1762192500,한국전력,비회원,시장외,비중앙,,126.376,35.851,,
비양도,KR,ICE,1996,0.24,diesel,제주 제주시 한림읍 협재리,제주특별자치도,1762192500,한국전력,비회원,시장외,비중앙,,126.242,33.396,,
삽시도_1,KR,ICE,1993,1,diesel,충남 보령시 오천면 삽시도리,충청남도,1762192500,한국전력,비회원,시장외,비중앙,,126.523,36.437,,
삽시도_2,KR,ICE,2006,0.6,diesel,충남 보령시 오천면 삽시도리,충청남도,957880000,한국전력,비회원,시장외,비중앙,,126.523,36.437,,
상화도_1,KR,ICE,2006,0.08,diesel,전남 여수시 화정면,전라남도,957880000,한국전력,비회원,시장외,비중앙,,127.601,34.616,,
상화도_2,KR,ICE,2006,0.08,diesel,전남 여수시 화정면,전라남도,957880000,한국전력,비회원,시장외,비중앙,,127.601,34.616,,
상화도_3,KR,ICE,2008,0.08,diesel,전남 여수시 화정면,전라남도,957880000,한국전력,비회원,시장외,비중앙,,127.601,34.616,,
성남도_1,KR,ICE,2004,0.08,diesel,전남 진도군 조도면,전라남도,957880000,한국전력,비회원,시장외,비중앙,,126.007,34.309,,
성남도_2,KR,ICE,2010,0.08,diesel,전남 진도군 조도면,전라남도,957880000,한국전력,비회원,시장외,비중앙,,126.007,34.309,,
소연평도_1,KR,ICE,2002,0.5,diesel,인천 옹진군 연평면,인천광역시,957880000,한국전력,비회원,시장외,비중앙,,125.708,37.611,,
소연평도_2,KR,ICE,2002,0.1,diesel,인천 옹진군 연평면,인천광역시,957880000,한국전력,비회원,시장외,비중앙,,125.708,37.611,,
소청도,KR,ICE,1995,2.4,diesel,인천 옹진군 대청면 소청리,인천광역시,1762192500,한국전력,비회원,시장외,비중앙,,124.706,37.808,,
손죽도,KR,ICE,1994,0.3,diesel,전남 여수시 삼산면,전라남도,1762192500,한국전력,비회원,시장외,비중앙,,127.303,34.108,,
송이도_1,KR,ICE,1996,0.2,diesel,전남 영광군 낙월면,전라남도,1762192500,한국전력,비회원,시장외,비중앙,,126.036,35.341,,
송이도_2,KR,ICE,2011,0.1,diesel,전남 영광군 낙월면,전라남도,957880000,한국전력,비회원,시장외,비중앙,,126.036,35.341,,
수우도_1,KR,ICE,1996,0.08,diesel,경남 통영시 사량면,경상남도,1762192500,한국전력,비회원,시장외,비중앙,,128.212,34.83,,
수우도_2,KR,ICE,2008,0.08,diesel,경남 통영시 사량면,경상남도,957880000,한국전력,비회원,시장외,비중앙,,128.212,34.83,,
슬도,KR,ICE,2006,0.24,diesel,전남 진도군 조도면,전라남도,957880000,한국전력,비회원,시장외,비중앙,,126.007,34.309,,
승봉도_1,KR,ICE,1994,0.45,diesel,인천 옹진군 자월면,인천광역시,1762192500,한국전력,비회원,시장외,비중앙,,126.308,37.25,,
승봉도_2,KR,ICE,2004,0.5,diesel,인천 옹진군 자월면,인천광역시,957880000,한국전력,비회원,시장외,비중앙,,126.308,37.25,,
승봉도_3,KR,ICE,2008,1,diesel,인천 옹진군 자월면,인천광역시,957880000,한국전력,비회원,시장외,비중앙,,126.308,37.25,,
시산도,KR,ICE,1994,0.75,diesel,전남 고흥군 도양읍,전라남도,1762192500,한국전력,비회원,시장외,비중앙,,127.15,34.533,,
어룡도,KR,ICE,2006,0.24,diesel,전남 완도군 노화읍,전라남도,957880000,한국전력,비회원,시장외,비중앙,,126.562,34.201,,
어의도_1,KR,ICE,1996,0.08,diesel,경남 통영시 용남면,경상남도,1762192500,한국전력,비회원,시장외,비중앙,,128.457,34.893,,
어의도_2,KR,ICE,1996,0.08,diesel,경남 통영시 용남면,경상남도,1762192500,한국전력,비회원,시장외,비중앙,,128.457,34.893,,
어청도_1,KR,ICE,1994,0.3,diesel,전북 군산시 옥도면 어청도리,전북특별자치도,1762192500,한국전력,비회원,시장외,비중앙,,126.376,35.851,,
어청도_2,KR,ICE,2007,0.6,diesel,전북 군산시 옥도면 어청도리,전북특별자치도,957880000,한국전력,비회원,시장외,비중앙,,126.376,35.851,,
어청도_3,KR,ICE,2012,0.5,diesel,전북 군산시 옥도면 어청도리,전북특별자치도,957880000,한국전력,비회원,시장외,비중앙,,126.376,35.851,,
여서도,KR,ICE,1996,0.24,diesel,전남 완도군 청산면 여서리,전라남도,1762192500,한국전력,비회원,시장외,비중앙,,126.857,34.181,,
여자도,KR,ICE,1994,0.45,diesel,전남 여수시 화정면,전라남도,1762192500,한국전력,비회원,시장외,비중앙,,127.601,34.616,,
연도_1,KR,ICE,1996,0.16,diesel,전북 군산시 옥도면 연도리,전북특별자치도,1762192500,한국전력,비회원,시장외,비중앙,,126.376,35.851,,
연도_2,KR,ICE,2011,0.1,diesel,전북 군산시 옥도면 연도리,전북특별자치도,957880000,한국전력,비회원,시장외,비중앙,,126.376,35.851,,
연평도_1,KR,ICE,2005,2,diesel,인천 옹진군 연평면 연평리,인천광역시,957880000,한국전력,비회원,시장외,비중앙,,125.708,37.611,,
연평도_2,KR,ICE,2011,5.7,diesel,인천 옹진군 연평면 연평리,인천광역시,957880000,한국전력,비회원,시장외,비중앙,,125.708,37.611,,
영산도,KR,ICE,2015,0.24,diesel,전남 신안군 흑산면,전라남도,957880000,한국전력,비회원,시장외,비중앙,,125.423,34.694,,
왕등도,KR,ICE,2006,0.24,diesel,전북 부안군 위도면,전라남도,957880000,한국전력,비회원,시장외,비중앙,,126.253,35.606,,
외도_1,KR,ICE,2015,0.16,diesel,충남 태안군 안면읍,충청남도,957880000,한국전력,비회원,시장외,비중앙,,126.338,36.499,,
외도_2,KR,ICE,2015,0.06,diesel,충남 태안군 안면읍,충청남도,957880000,한국전력,비회원,시장외,비중앙,,126.338,36.499,,
외연도_1,KR,ICE,1994,0.45,diesel,충남 보령시 오천면 외연도리,충청남도,1762192500,한국전력,비회원,시장외,비중앙,,126.523,36.437,,
외연도_2,KR,ICE,2004,0.3,diesel,충남 보령시 오천면 외연도리,충청남도,957880000,한국전력,비회원,시장외,비중앙,,126.523,36.437,,
울도,KR,ICE,2003,0.24,diesel,인천 옹진군 덕적면,인천광역시,957880000,한국전력,비회원,시장외,비중앙,,126.116,37.232,,
울릉도_1,KR,ICE,1986,2,diesel,경북 울릉군 울릉읍 서면,경상북도,1762192500,한국전력,비회원,시장외,비중앙,,130.899,37.491,,
울릉도_2,KR,ICE,1996,3,diesel,경북 울릉군 울릉읍 서면,경상북도,1762192500,한국전력,비회원,시장외,비중앙,,130.899,37.491,,
울릉도_3,KR,ICE,2002,1.5,diesel,경북 울릉군 울릉읍 서면,경상북도,634665000,한국전력,비회원,시장외,비중앙,,130.899,37.491,,
울릉도_4,KR,ICE,2007,6,diesel,경북 울릉군 울릉읍 서면,경상북도,957880000,한국전력,비회원,시장외,비중앙,,130.899,37.491,,
울릉도_5,KR,ICE,2011,6,diesel,경북 울릉군 울릉읍 서면,경상북도,957880000,한국전력,비회원,시장외,비중앙,,130.899,37.491,,
위도_1,KR,ICE,1993,1.35,diesel,전북 부안군 위도면 진리,전북특별자치도,1762192500,한국전력,비회원,시장외,비중앙,,126.253,35.606,,
위도_2,KR,ICE,2002,0.5,diesel,전북 부안군 위도면 진리,전북특별자치도,2889720000,한국전력,비회원,시장외,비중앙,,126.253,35.606,,
위도_3,KR,ICE,2003,1,diesel,전북 부안군 위도면 진리,전북특별자치도,957880000,한국전력,비회원,시장외,비중앙,,126.253,35.606,,
자월도_1,KR,ICE,1993,0.15,diesel,인천 옹진군 자월면 자월리,인천광역시,1762192500,한국전력,비회원,시장외,비중앙,,126.308,37.25,,
자월도_2,KR,ICE,2004,1.5,diesel,인천 옹진군 자월면 자월리,인천광역시,957880000,한국전력,비회원,시장외,비중앙,,126.308,37.25,,
장고도,KR,ICE,1996,0.45,diesel,충남 보령시 오천면,충청남도,1762192500,한국전력,비회원,시장외,비중앙,,126.523,36.437,,
"제주GT#1,2",KR,ICE,1977,110,diesel,제주 제주시 삼양동,제주특별자치도,1762192500,한국전력,비회원,시장외,비중앙,,126.595,33.534,,
제주GT#3,KR,ICE,1977,55,diesel,제주 제주시 삼양동,제주특별자치도,1762192500,중부발전㈜,정회원,시장,중앙,,126.595,33.534,,
제주내연#1,KR,ICE,2005,40,heavy oil,제주 제주시 삼양동,제주특별자치도,1574736000,중부발전㈜,정회원,시장,중앙,,126.595,33.534,,
제주내연#2,KR,ICE,2009,40,heavy oil,제주 제주시 삼양동,제주특별자치도,2241737000,중부발전㈜,정회원,시장,중앙,,126.595,33.534,2024,15
조도_1,KR,ICE,1996,1,diesel,전남 진도군 조도면,전라남도,1762192500,한국전력,비회원,시장외,비중앙,,126.007,34.309,,
조도_2,KR,ICE,2008,1.6,diesel,전남 진도군 조도면,전라남도,957880000,한국전력,비회원,시장외,비중앙,,126.007,34.309,,
조도_3,KR,ICE,2016,0.8,diesel,전남 진도군 조도면,전라남도,957880000,한국전력,비회원,시장외,비중앙,,126.007,34.309,,
초도,KR,ICE,1992,0.75,diesel,전남 여수시 삼산면,전라남도,1762192500,한국전력,비회원,시장외,비중앙,,127.303,34.108,,
추도,KR,ICE,1994,0.24,diesel,경남 통영시 산양읍,경상남도,1762192500,한국전력,비회원,시장외,비중앙,,128.388,34.782,,
추자도_1,KR,ICE,1995,0.5,diesel,제주 제주시 추자면,제주특별자치도,1762192500,한국전력,비회원,시장외,비중앙,,126.302,33.954,,
추자도_2,KR,ICE,1999,0.5,diesel,제주 제주시 추자면,제주특별자치도,1762192500,한국전력,비회원,시장외,비중앙,,126.302,33.954,,
추자도_3,KR,ICE,1999,0.5,diesel,제주 제주시 추자면,제주특별자치도,1762192500,한국전력,비회원,시장외,비중앙,,126.302,33.954,,
추자도_4,KR,ICE,2007,2,diesel,제주 제주시 추자면,제주특별자치도,957880000,한국전력,비회원,시장외,비중앙,,126.302,33.954,,
추자도_5,KR,ICE,2012,2,diesel,제주 제주시 추자면,제주특별자치도,957880000,한국전력,비회원,시장외,비중앙,,126.302,33.954,,
평도,KR,ICE,2005,0.24,diesel,전남 여수시 삼산면,전라남도,957880000,한국전력,비회원,시장외,비중앙,,127.303,34.108,,
풍도,KR,ICE,1996,0.45,diesel,경기 안산시 단원구 풍도동,경기도,1762192500,한국전력,비회원,시장외,비중앙,,126.814,37.326,,
호도,KR,ICE,1997,0.6,diesel,충남 보령시 오천면,충청남도,1762192500,한국전력,비회원,시장외,비중앙,,126.523,36.437,,
홍도_1,KR,ICE,1993,0.25,diesel,전남 신안군 흑산면 홍도리,전라남도,1762192500,한국전력,비회원,시장외,비중앙,,125.203,34.691,,
홍도_2,KR,ICE,2004,0.5,diesel,전남 신안군 흑산면 홍도리,전라남도,957880000,한국전력,비회원,시장외,비중앙,,125.203,34.691,,
홍도_3,KR,ICE,2010,1.6,diesel,전남 신안군 흑산면 홍도리,전라남도,957880000,한국전력,비회원,시장외,비중앙,,125.203,34.691,,
화도_1,KR,ICE,2002,0.08,diesel,전남 고흥군 도양읍,전라남도,957880000,한국전력,비회원,시장외,비중앙,,127.15,34.533,,
화도_2,KR,ICE,2007,0.08,diesel,전남 고흥군 도양읍,전라남도,957880000,한국전력,비회원,시장외,비중앙,,127.15,34.533,,
화도_3,KR,ICE,2010,0.08,diesel,전남 고흥군 도양읍,전라남도,957880000,한국전력,비회원,시장외,비중앙,,127.15,34.533,,
흑산도_1,KR,ICE,1994,0.5,diesel,전남 신안군 흑산면,전라남도,1762192500,한국전력,비회원,시장외,비중앙,,125.423,34.694,,
흑산도_2,KR,ICE,1996,1.5,diesel,전남 신안군 흑산면,전라남도,1762192500,한국전력,비회원,시장외,비중앙,,125.423,34.694,,
흑산도_3,KR,ICE,2008,2,diesel,전남 신안군 흑산면,전라남도,957880000,한국전력,비회원,시장외,비중앙,,125.423,34.694,,
광양#1 GT,KR,CC,2006,306.2,LNG,전남 광양시 금호동,전라남도,742418500,SK E&S㈜,정회원,시장,중앙,광양#1,127.739,34.926,,
광양#1 ST,KR,CC,2006,188.4,LNG,전남 광양시 금호동,전라남도,742418500,SK E&S㈜,정회원,시장,중앙,광양#1,127.739,34.926,,
광양#2 GT,KR,CC,2006,306.2,LNG,전남 광양시 금호동,전라남도,742418500,SK E&S㈜,정회원,시장,중앙,광양#2,127.739,34.926,,
광양#2 ST,KR,CC,2006,188.4,LNG,전남 광양시 금호동,전라남도,742418500,SK E&S㈜,정회원,시장,중앙,광양#2,127.739,34.926,,
군산 GT,KR,CC,2010,466.6,LNG,전북 군산시 경암동,전북특별자치도,857857500,서부발전㈜,정회원,시장,중앙,군산,126.728,35.981,,
군산 ST,KR,CC,2010,251.8,LNG,전북 군산시 경암동,전북특별자치도,857857500,서부발전㈜,정회원,시장,중앙,군산,126.728,35.981,,
남제주복합 GT,KR,CC,2020,97.028,LNG,제주 서귀포시 안덕면,제주특별자치도,2628616000,남부발전㈜,정회원,시장,중앙,남제주복합,126.314,33.235,,
남제주복합 ST,KR,CC,2020,49.217,LNG,제주 서귀포시 안덕면,제주특별자치도,2628616000,남부발전㈜,정회원,시장,중앙,남제주복합,126.314,33.235,,
당진#1 GT,KR,CC,2000,321.92,LNG,충남 당진시 송악읍,충청남도,501292000,GS EPS㈜,준회원,시장,중앙,당진#1,126.724,36.895,,
당진#1 ST,KR,CC,2001,178.83,LNG,충남 당진시 송악읍,충청남도,520822000,GS EPS㈜,준회원,시장,중앙,당진#1,126.724,36.895,,
당진#2 GT,KR,CC,2008,349,LNG,충남 당진시 송악읍,충청남도,852759000,GS EPS㈜,정회원,시장,중앙,당진#2,126.724,36.895,,
당진#2 ST,KR,CC,2008,184,LNG,충남 당진시 송악읍,충청남도,852759000,GS EPS㈜,정회원,시장,중앙,당진#2,126.724,36.895,,
당진#3 GT,KR,CC,2013,250,LNG,충남 당진시 송악읍,충청남도,862956000,GS EPS㈜,정회원,시장,중앙,당진#3,126.724,36.895,,
당진#3 ST,KR,CC,2013,132,LNG,충남 당진시 송악읍,충청남도,862956000,GS EPS㈜,정회원,시장,중앙,당진#3,126.724,36.895,,
당진#4 GT,KR,CC,2017,539.6,LNG,충남 당진시 송악읍,충청남도,815603000,GS EPS㈜,정회원,시장,중앙,당진#4,126.724,36.895,,
당진#4 ST,KR,CC,2017,306.4,LNG,충남 당진시 송악읍,충청남도,815603000,GS EPS㈜,정회원,시장,중앙,당진#4,126.724,36.895,,
대산 GT,KR,CC,1997,374.8,LNG,충남 서산시 대산읍,충청남도,471887000,씨지앤대산전력㈜,정회원,시장,중앙,대산,126.409,36.961,2026,29
대산 ST,KR,CC,1998,91,LNG,충남 서산시 대산읍,충청남도,471887000,씨지앤대산전력㈜,정회원,시장,중앙,대산,126.409,36.961,2026,28
동두천#1 GT,KR,CC,2015,572.6,LNG,경기 동두천시 지형동,경기도,869565000,동두천드림파워㈜,정회원,시장,중앙,동두천#1,127.136,37.9,,
동두천#1 ST,KR,CC,2015,285.8,LNG,경기 동두천시 지형동,경기도,869565000,동두천드림파워㈜,정회원,시장,중앙,동두천#1,127.136,37.9,,
동두천#2 GT,KR,CC,2015,572.6,LNG,경기 동두천시 지형동,경기도,869565000,동두천드림파워㈜,정회원,시장,중앙,동두천#2,127.136,37.9,,
동두천#2 ST,KR,CC,2015,285.8,LNG,경기 동두천시 지형동,경기도,869565000,동두천드림파워㈜,정회원,시장,중앙,동두천#2,127.136,37.9,,
보령#1~3 GT,KR,CC,1997,900,LNG,충남 보령시 오천면,충청남도,471887000,중부발전㈜,정회원,시장,중앙,보령#1~3,126.523,36.437,,
보령#1~3 ST,KR,CC,2002,450,LNG,충남 보령시 오천면,충청남도,520822000,중부발전㈜,정회원,시장,중앙,보령#1~3,126.523,36.437,,
부산#1 GT,KR,CC,2003,300,LNG,부산 사하구 감천동,부산광역시,539551000,남부발전㈜,정회원,시장,중앙,부산#1,129,35.087,,
부산#1 ST,KR,CC,2003,150,LNG,부산 사하구 감천동,부산광역시,539551000,남부발전㈜,정회원,시장,중앙,부산#1,129,35.087,,
부산#2 GT,KR,CC,2003,300,LNG,부산 사하구 감천동,부산광역시,539551000,남부발전㈜,정회원,시장,중앙,부산#2,129,35.087,,
부산#2 ST,KR,CC,2003,150,LNG,부산 사하구 감천동,부산광역시,539551000,남부발전㈜,정회원,시장,중앙,부산#2,129,35.087,,
부산#3 GT,KR,CC,2004,300,LNG,부산 사하구 감천동,부산광역시,539551000,남부발전㈜,정회원,시장,중앙,부산#3,129,35.087,,
부산#3 ST,KR,CC,2004,150,LNG,부산 사하구 감천동,부산광역시,539551000,남부발전㈜,정회원,시장,중앙,부산#3,129,35.087,,
부산#4 GT,KR,CC,2004,300,LNG,부산 사하구 감천동,부산광역시,539551000,남부발전㈜,정회원,시장,중앙,부산#4,129,35.087,,
부산#4 ST,KR,CC,2004,150,LNG,부산 사하구 감천동,부산광역시,539551000,남부발전㈜,정회원,시장,중앙,부산#4,129,35.087,,
부산정관에너지 GT,KR,CC,2017,26.65,LNG,부산 기장군 정관읍,부산광역시,903632000,부산정관에너지,정회원,시장,중앙,부산정관에너지,129.178,35.315,,
부산정관에너지 ST,KR,CC,2017,19.186,LNG,부산 기장군 정관읍,부산광역시,903632000,부산정관에너지,정회원,시장,중앙,부산정관에너지,129.178,35.315,,
분당#1 GT_1,KR,CC,1992,155.516,LNG,경기 성남시 분당동,경기도,541315000,남동발전㈜,정회원,시장,중앙,분당#1,127.131,37.37,2027,35
분당#1 GT_2,KR,CC,1992,233.274,LNG,경기 성남시 분당동,경기도,541315000,남동발전㈜,정회원,시장,중앙,분당#1,127.131,37.37,2027,35
분당#1 ST,KR,CC,1993,185,LNG,경기 성남시 분당동,경기도,541315000,남동발전㈜,정회원,시장,중앙,분당#1,127.131,37.37,2027,34
분당#2 GT,KR,CC,1995,233.274,LNG,경기 성남시 분당동,경기도,501292000,남동발전㈜,정회원,시장,중앙,분당#2,127.131,37.37,2032,37
분당#2 ST,KR,CC,1997,115,LNG,경기 성남시 분당동,경기도,501292000,남동발전㈜,정회원,시장,중앙,분당#2,127.131,37.37,2032,35
서울복합#1 GT,KR,CC,2019,241.298,LNG,서울 마포구 토정로,서울특별시,1846548000,중부발전㈜,정회원,시장,중앙,서울복합#1,126.925,37.545,,
서울복합#1 ST,KR,CC,2019,127.875,LNG,서울 마포구 토정로,서울특별시,1846548000,중부발전㈜,정회원,시장,중앙,서울복합#1,126.925,37.545,,
서울복합#2 GT,KR,CC,2018,241.298,LNG,서울 마포구 토정로,서울특별시,1846548000,중부발전㈜,정회원,시장,중앙,서울복합#2,126.925,37.545,,
서울복합#2 ST,KR,CC,2018,127.875,LNG,서울 마포구 토정로,서울특별시,1846548000,중부발전㈜,정회원,시장,중앙,서울복합#2,126.925,37.545,,
서인천 #5~8 GT_1,KR,CC,1992,300,LNG,인천 서구 경서동,인천광역시,407836000,서부발전㈜,정회원,시장,중앙,서인천 #5~8,126.648,37.555,,
서인천 #5~8 GT_2,KR,CC,1992,300,LNG,인천 서구 경서동,인천광역시,407836000,서부발전㈜,정회원,시장,중앙,서인천 #5~8,126.648,37.555,,
서인천 #5~8 ST_1,KR,CC,1992,150,LNG,인천 서구 경서동,인천광역시,407836000,서부발전㈜,정회원,시장,중앙,서인천 #5~8,126.648,37.555,,
서인천 #5~8 ST_2,KR,CC,1992,150,LNG,인천 서구 경서동,인천광역시,407836000,서부발전㈜,정회원,시장,중앙,서인천 #5~8,126.648,37.555,,
서인천#1~4 GT_1,KR,CC,1992,150,LNG,인천 서구 경서동,인천광역시,407836000,서부발전㈜,정회원,시장,중앙,서인천#1~4,126.648,37.555,,
서인천#1~4 GT_2,KR,CC,1992,150,LNG,인천 서구 경서동,인천광역시,407836000,서부발전㈜,정회원,시장,중앙,서인천#1~4,126.648,37.555,,
서인천#1~4 GT_3,KR,CC,1992,300,LNG,인천 서구 경서동,인천광역시,407836000,서부발전㈜,정회원,시장,중앙,서인천#1~4,126.648,37.555,,
서인천#1~4 ST_1,KR,CC,1992,150,LNG,인천 서구 경서동,인천광역시,407836000,서부발전㈜,정회원,시장,중앙,서인천#1~4,126.648,37.555,,
서인천#1~4 ST_2,KR,CC,1992,150,LNG,인천 서구 경서동,인천광역시,407836000,서부발전㈜,정회원,시장,중앙,서인천#1~4,126.648,37.555,,
신인천#1_2 GT,KR,CC,1996,600,LNG,인천 서구 경서동,인천광역시,357117000,남부발전㈜,정회원,시장,중앙,"신인천#1,2",126.648,37.555,,
신인천#1_2 ST,KR,CC,1997,300,LNG,인천 서구 경서동,인천광역시,357117000,남부발전㈜,정회원,시장,중앙,"신인천#1,2",126.648,37.555,,
신인천#3_4 GT,KR,CC,1996,600,LNG,인천 서구 경서동,인천광역시,357117000,남부발전㈜,정회원,시장,중앙,"신인천#3,4",126.648,37.555,,
신인천#3_4 ST,KR,CC,1997,300,LNG,인천 서구 경서동,인천광역시,357117000,남부발전㈜,정회원,시장,중앙,"신인천#3,4",126.648,37.555,,
신평택 GT,KR,CC,2019,580.4,LNG,경기 평택시 포승읍,경기도,993338000,신평택발전㈜,정회원,시장,중앙,신평택,126.872,36.95,,
신평택 ST,KR,CC,2019,282.9,LNG,경기 평택시 포승읍,경기도,993338000,신평택발전㈜,정회원,시장,중앙,신평택,126.872,36.95,,
안동 GT,KR,CC,2014,234.5,LNG,경북 안동시 풍산읍,경상북도,868063000,남부발전㈜,정회원,시장,중앙,안동,128.586,36.589,,
안동 ST,KR,CC,2014,127.1,LNG,경북 안동시 풍산읍,경상북도,868063000,남부발전㈜,정회원,시장,중앙,안동,128.586,36.589,,
안산 GT,KR,CC,2014,485.8,LNG,경기 안산시 단원구,경기도,903632000,㈜에스파워,정회원,시장,중앙,안산,126.814,37.326,,
안산 ST,KR,CC,2014,265.4,LNG,경기 안산시 단원구,경기도,903632000,㈜에스파워,정회원,시장,중앙,안산,126.814,37.326,,
여주복합 GT#1,KR,CC,2023,336.022,LNG,경기 여주시 북내면,경기도,972673000,여주에너지서비스㈜,정회원,시장,중앙,여주복합,127.681,37.347,,
여주복합 GT#2,KR,CC,2023,336.022,LNG,경기 여주시 북내면,경기도,972673000,여주에너지서비스㈜,정회원,시장,중앙,여주복합,127.681,37.347,,
여주복합 ST,KR,CC,2023,353.356,LNG,경기 여주시 북내면,경기도,972673000,여주에너지서비스㈜,정회원,시장,중앙,여주복합,127.681,37.347,,
영남파워 GT,KR,CC,2017,292,LNG,울산 남구 장생포로,울산광역시,819776000,코스포영남파워㈜,정회원,시장,중앙,영남파워,129.354,35.516,,
영남파워 ST,KR,CC,2017,150.8,LNG,울산 남구 장생포로,울산광역시,819776000,코스포영남파워㈜,정회원,시장,중앙,영남파워,129.354,35.516,,
영월 GT,KR,CC,2010,549,LNG,강원 영월군 영월읍,강원특별자치도,726295000,남부발전㈜,정회원,시장,중앙,영월,128.468,37.185,,
영월 ST,KR,CC,2010,299,LNG,강원 영월군 영월읍,강원특별자치도,726295000,남부발전㈜,정회원,시장,중앙,영월,128.468,37.185,,
오성 GT,KR,CC,2013,497.04,LNG,경기 평택시 오성면,경기도,676096000,평택에너지서비스㈜,정회원,시장,중앙,오성,126.98,37.008,,
오성 ST,KR,CC,2013,272.79,LNG,경기 평택시 오성면,경기도,676096000,평택에너지서비스㈜,정회원,시장,중앙,오성,126.98,37.008,,
울산#1 GT,KR,CC,1995,200,LNG,울산 남구 남화동,울산광역시,267439000,동서발전㈜,정회원,시장,중앙,울산#1,129.382,35.477,,
울산#1 ST,KR,CC,1979,100,LNG,울산 남구 남화동,울산광역시,129900000,동서발전㈜,정회원,시장,중앙,울산#1,129.382,35.477,,
울산#2 GT,KR,CC,1996,300,LNG,울산 남구 남화동,울산광역시,358601000,동서발전㈜,정회원,시장,중앙,울산#2,129.382,35.477,,
울산#2 ST,KR,CC,1997,150,LNG,울산 남구 남화동,울산광역시,358601000,동서발전㈜,정회원,시장,중앙,울산#2,129.382,35.477,,
울산#3 GT,KR,CC,1996,300,LNG,울산 남구 남화동,울산광역시,358601000,동서발전㈜,정회원,시장,중앙,울산#3,129.382,35.477,,
울산#3 ST,KR,CC,1997,150,LNG,울산 남구 남화동,울산광역시,358601000,동서발전㈜,정회원,시장,중앙,울산#3,129.382,35.477,,
울산#4 GT,KR,CC,2013,573.2,LNG,울산 남구 남화동,울산광역시,868063000,동서발전㈜,정회원,시장,중앙,울산#4,129.382,35.477,,
울산#4 ST,KR,CC,2014,298.7,LNG,울산 남구 남화동,울산광역시,868063000,동서발전㈜,정회원,시장,중앙,울산#4,129.382,35.477,,
율촌#1 GT,KR,CC,2004,327.6,LNG,전남 순천시 해룡면,전라남도,687397000,씨지앤율촌전력㈜,준회원,시장,중앙,율촌#1,127.537,34.914,,
율촌#1 ST,KR,CC,2005,197.9,LNG,전남 순천시 해룡면,전라남도,687397000,씨지앤율촌전력㈜,준회원,시장,중앙,율촌#1,127.537,34.914,,
율촌#2 GT,KR,CC,2013,571.6,LNG,전남 순천시 해룡면,전라남도,1041426000,씨지앤율촌전력㈜,정회원,시장,중앙,율촌#2,127.537,34.914,,
율촌#2 ST,KR,CC,2014,292.6,LNG,전남 순천시 해룡면,전라남도,1041426000,씨지앤율촌전력㈜,정회원,시장,중앙,율촌#2,127.537,34.914,,
인천#1 GT,KR,CC,2005,321.458,LNG,인천 서구 원창동,인천광역시,548838000,중부발전㈜,정회원,시장,중앙,인천#1,126.63,37.514,,
인천#1 ST,KR,CC,2005,182.081,LNG,인천 서구 원창동,인천광역시,548838000,중부발전㈜,정회원,시장,중앙,인천#1,126.63,37.514,,
인천#2 GT,KR,CC,2009,327.958,LNG,인천 서구 원창동,인천광역시,758542000,중부발전㈜,정회원,시장,중앙,인천#2,126.63,37.514,,
인천#2 ST,KR,CC,2009,180.95,LNG,인천 서구 원창동,인천광역시,758542000,중부발전㈜,정회원,시장,중앙,인천#2,126.63,37.514,,
인천#3 GT,KR,CC,2012,300,LNG,인천 서구 원창동,인천광역시,857857500,중부발전㈜,정회원,시장,중앙,인천#3,126.63,37.514,,
인천#3 ST,KR,CC,2012,150,LNG,인천 서구 원창동,인천광역시,857857500,중부발전㈜,정회원,시장,중앙,인천#3,126.63,37.514,,
일산#1 GT_1,KR,CC,1993,200,LNG,경기 고양시 백석동,경기도,471887000,동서발전㈜,정회원,시장,중앙,일산#1,126.791,37.641,,
일산#1 GT_2,KR,CC,1993,200,LNG,경기 고양시 백석동,경기도,471887000,동서발전㈜,정회원,시장,중앙,일산#1,126.791,37.641,,
일산#1 ST,KR,CC,1993,200,LNG,경기 고양시 백석동,경기도,471887000,동서발전㈜,정회원,시장,중앙,일산#1,126.791,37.641,,
일산#2 GT,KR,CC,1995,200,LNG,경기 고양시 백석동,경기도,456296000,동서발전㈜,정회원,시장,중앙,일산#2,126.791,37.641,,
일산#2 ST,KR,CC,1996,100,LNG,경기 고양시 백석동,경기도,456296000,동서발전㈜,정회원,시장,중앙,일산#2,126.791,37.641,,
제주복합#1 GT,KR,CC,2017,71.893,oil,제주 제주시 원당로,제주특별자치도,1477673000,중부발전㈜,정회원,시장,중앙,제주복합#1,126.594,33.531,,
제주복합#1 ST,KR,CC,2017,42.474,oil,제주 제주시 원당로,제주특별자치도,1477673000,중부발전㈜,정회원,시장,중앙,제주복합#1,126.594,33.531,,
제주복합#2 GT,KR,CC,2017,58.947,LNG,제주 제주시 원당로,제주특별자치도,1803260000,중부발전㈜,정회원,시장,중앙,제주복합#2,126.594,33.531,,
제주복합#2 ST,KR,CC,2017,34.776,LNG,제주 제주시 원당로,제주특별자치도,1803260000,중부발전㈜,정회원,시장,중앙,제주복합#2,126.594,33.531,,
파주문산#1 GT,KR,CC,2017,551,LNG,경기 파주시 파주읍,경기도,984552000,파주에너지서비스㈜,정회원,시장,중앙,파주문산#1,126.82,37.831,,
파주문산#1 ST,KR,CC,2017,296.6,LNG,경기 파주시 파주읍,경기도,984552000,파주에너지서비스㈜,정회원,시장,중앙,파주문산#1,126.82,37.831,,
파주문산#2 GT,KR,CC,2017,551,LNG,경기 파주시 파주읍,경기도,984552000,파주에너지서비스㈜,정회원,시장,중앙,파주문산#2,126.82,37.831,,
파주문산#2 ST,KR,CC,2017,296.6,LNG,경기 파주시 파주읍,경기도,984552000,파주에너지서비스㈜,정회원,시장,중앙,파주문산#2,126.82,37.831,,
평택#2 GT,KR,CC,2013,572.6,LNG,경기 평택시 포승면,경기도,1003708000,서부발전㈜,정회원,시장,중앙,평택#2,126.93,36.987,,
평택#2 ST,KR,CC,2014,295.9,LNG,경기 평택시 포승면,경기도,1003708000,서부발전㈜,정회원,시장,중앙,평택#2,126.93,36.987,,
포스코#3 GT,KR,CC,1996,300,LNG,인천 서구 원창동,인천광역시,471887000,포스코에너지㈜,정회원,시장,중앙,포스코#3,126.63,37.514,,
포스코#3 ST,KR,CC,1999,150,LNG,인천 서구 원창동,인천광역시,471887000,포스코에너지㈜,정회원,시장,중앙,포스코#3,126.63,37.514,,
포스코#4 GT,KR,CC,1997,300,LNG,인천 서구 원창동,인천광역시,471887000,포스코에너지㈜,정회원,시장,중앙,포스코#4,126.63,37.514,,
포스코#4 ST,KR,CC,2001,150,LNG,인천 서구 원창동,인천광역시,520822000,포스코에너지㈜,정회원,시장,중앙,포스코#4,126.63,37.514,,
포스코#5 GT,KR,CC,2011,366.4,LNG,인천 서구 원창동,인천광역시,862956000,포스코에너지㈜,정회원,시장,중앙,포스코#5,126.63,37.514,,
포스코#5 ST,KR,CC,2011,208.2,LNG,인천 서구 원창동,인천광역시,862956000,포스코에너지㈜,정회원,시장,중앙,포스코#5,126.63,37.514,,
포스코#6 GT,KR,CC,2011,366.4,LNG,인천 서구 원창동,인천광역시,862956000,포스코에너지㈜,정회원,시장,중앙,포스코#6,126.63,37.514,,
포스코#6 ST,KR,CC,2011,208.2,LNG,인천 서구 원창동,인천광역시,862956000,포스코에너지㈜,정회원,시장,중앙,포스코#6,126.63,37.514,,
포스코#7 GT,KR,CC,2014,242.7,LNG,인천 서구 원창동,인천광역시,851970000,포스코에너지㈜,정회원,시장,중앙,포스코#7,126.63,37.514,,
포스코#7 ST,KR,CC,2014,132.9,LNG,인천 서구 원창동,인천광역시,851970000,포스코에너지㈜,정회원,시장,중앙,포스코#7,126.63,37.514,,
포스코#8 GT,KR,CC,2014,242.7,LNG,인천 서구 원창동,인천광역시,851970000,포스코에너지㈜,정회원,시장,중앙,포스코#8,126.63,37.514,,
포스코#8 ST,KR,CC,2014,132.9,LNG,인천 서구 원창동,인천광역시,851970000,포스코에너지㈜,정회원,시장,중앙,포스코#8,126.63,37.514,,
포스코#9 GT,KR,CC,2015,242.7,LNG,인천 서구 원창동,인천광역시,851970000,포스코에너지㈜,정회원,시장,중앙,포스코#9,126.63,37.514,,
포스코#9 ST,KR,CC,2015,132.9,LNG,인천 서구 원창동,인천광역시,851970000,포스코에너지㈜,정회원,시장,중앙,포스코#9,126.63,37.514,,
포천#1 GT,KR,CC,2014,481,LNG,경기 포천시 창수면,경기도,852759000,포천파워㈜,정회원,시장,중앙,포천#1,127.176,38.02,,
포천#1 ST,KR,CC,2014,244,LNG,경기 포천시 창수면,경기도,852759000,포천파워㈜,정회원,시장,중앙,포천#1,127.176,38.02,,
포천#2 GT,KR,CC,2014,481,LNG,경기 포천시 창수면,경기도,852759000,포천파워㈜,정회원,시장,중앙,포천#2,127.176,38.02,,
포천#2 ST,KR,CC,2014,244,LNG,경기 포천시 창수면,경기도,852759000,포천파워㈜,정회원,시장,중앙,포천#2,127.176,38.02,,
포천천연 GT,KR,CC,2017,575.4,LNG,경기 포천시 신북면,경기도,869565000,포천민자발전㈜,정회원,시장,중앙,포천천연,127.204,37.894,,
포천천연 ST,KR,CC,2017,298.8,LNG,경기 포천시 신북면,경기도,869565000,포천민자발전㈜,정회원,시장,중앙,포천천연,127.204,37.894,,
한림 GT_1,KR,CC,1995,35,LNG,제주 제주시 한림읍,제주특별자치도,520822000,남부발전㈜,정회원,시장,중앙,한림,126.279,33.443,,
한림 GT_2,KR,CC,1996,35,LNG,제주 제주시 한림읍,제주특별자치도,1004863000,남부발전㈜,정회원,시장,중앙,한림,126.279,33.443,,
한림 ST,KR,CC,1997,35,LNG,제주 제주시 한림읍,제주특별자치도,1004863000,남부발전㈜,정회원,시장,중앙,한림,126.279,33.443,,
KC하이드로,KR,hydro,2013,0.4,hydro,제주 제주시 한경면,제주특별자치도,5043244500,KC하이드로㈜,정회원,시장,비중앙,,126.249,33.306,,
가북,KR,hydro,2014,0.65,hydro,경남 거창군 가북면,경상남도,5213156000,농어촌공사,정회원,시장,비중앙,,128.005,35.789,,
강릉_1,KR,hydro,1990,41,hydro,강원 강릉시 성산면(남한강지류 송천 도암호),강원특별자치도,1531707000,한수원,정회원,시장,중앙,,128.83,37.717,,
강릉_2,KR,hydro,1991,41,hydro,강원 강릉시 성산면(남한강지류 송천 도암호),강원특별자치도,1531707000,한수원,정회원,시장,중앙,,128.83,37.717,,
강림,KR,hydro,1978,0.45,hydro,강원 평창군 도암면(남한강지류 주천강),강원특별자치도,138831500,한수원,정회원,시장,비중앙,,128.389,37.37,,
강정고령보,KR,hydro,2011,3,hydro,대구 달성군 다사읍,대구광역시,5043244500,수자원공사,정회원,시장,비중앙,,128.443,35.87,,
강천보,KR,hydro,2011,4.95,hydro,경기 여주군 여주읍,경기도,5043244500,수자원공사,정회원,시장,비중앙,,127.59,37.376,,
개취보,KR,hydro,2013,0.42,hydro,경남 산청군 금서면,경상남도,5043244500,산청군,정회원,시장,비중앙,,127.814,35.422,,
경천#1,KR,hydro,1995,0.8,hydro,경북 문경시 동로면,경상북도,1021429000,농어촌공사,정회원,시장,비중앙,,128.307,36.757,,
경천#2,KR,hydro,2010,2.1,hydro,경북 문경시 동로면,경상북도,5043244500,경천,정회원,시장,비중앙,,128.307,36.757,,
경천지구,KR,hydro,2008,0.44,hydro,전북 완주군 경천면,전북특별자치도,5043244500,농어촌공사,정회원,시장,비중앙,,127.268,36.042,,
고문,KR,hydro,2007,1.5,hydro,경기 연천군 연천읍,경기도,5043244500,신에너지㈜,정회원,시장,비중앙,,127.074,38.098,,
고산,KR,hydro,2009,0.56,hydro,대구 수성구 노변동,대구광역시,5043244500,수자원공사,정회원,시장,비중앙,,128.704,35.829,,
고수,KR,hydro,2018,0.099,hydro,전북 고창군 고창읍,전북특별자치도,5929780000,농어촌공사,정회원,시장,비중앙,,126.695,35.441,,
공주보,KR,hydro,2011,3,hydro,충남 공주시 우성면,충청남도,5043244500,수자원공사,정회원,시장,비중앙,,127.051,36.47,,
광주호,KR,hydro,2013,0.24,hydro,전남 담양군 고서면,전라남도,5043244500,농어촌공사,정회원,시장,비중앙,,127.005,35.188,,
광천,KR,hydro,1992,0.45,hydro,전남 순천시 주암면,전라남도,1531707000,수자원공사,정회원,시장,비중앙,,127.252,35.074,,
괴산,KR,hydro,1957,2.6,hydro,충북 괴산군 칠성면(남한강수계 남한강 칠성호),충청북도,588077000,한수원,정회원,시장,비중앙,,127.873,36.765,,
구만,KR,hydro,2014,0.17,hydro,전남 구례군 광의면,전라남도,5213156000,농어촌공사,정회원,시장,비중앙,,127.467,35.264,,
구미보,KR,hydro,2011,3,hydro,경북 구미시 해평면,경상북도,5043244500,수자원공사,정회원,시장,비중앙,,128.388,36.215,,
군위댐,KR,hydro,2010,0.5,hydro,경북 군위군 고로면,경상북도,5043244500,수자원공사,정회원,시장,비중앙,,128.731,36.17,,
궁평,KR,hydro,2012,0.18,hydro,충남 아산시 송악면,충청남도,5043244500,-,비회원,시장외,비중앙,,127.01,36.731,,
극동,KR,hydro,2011,1.5,hydro,전북 정읍시 산외면,전북특별자치도,5043244500,극동hydro,정회원,시장,비중앙,,127.059,35.626,,
극동제2,KR,hydro,2013,0.75,hydro,전북 정읍시 산외면,전북특별자치도,5043244500,(유)극동제2hydro발전소,정회원,시장,비중앙,,127.059,35.626,,
금강,KR,hydro,1988,1.35,hydro,충북 옥천군 동이면,충청북도,1531707000,㈜크린에너지,정회원,시장,비중앙,,127.643,36.298,,
금계,KR,hydro,2014,0.28,hydro,경북 영주시 풍기읍,경상북도,5213156000,농어촌공사,비회원,시장외,비중앙,,128.509,36.891,,
낙단보,KR,hydro,2012,3,hydro,경북 의성군 단밀면,경상북도,5043244500,수자원공사,정회원,시장,비중앙,,128.361,36.37,,
낙덕,KR,hydro,2014,0.06,hydro,전북 순창군 복흥면,전북특별자치도,5213156000,농어촌공사,비회원,시장외,비중앙,,126.938,35.443,,
남강,KR,hydro,1998,18,hydro,경남 진주시 판문동(낙동강수계 남강 진양호),경상남도,1531707000,수자원공사,정회원,시장,비중앙,,128.04,35.181,,
남강#2,KR,hydro,2019,9,hydro,경남 진주시 내동면,경상남도,6457925000,수자원공사,정회원,시장,비중앙,,128.045,35.14,,
노량진,KR,hydro,2013,0.3,hydro,서울 동작구 노량진동,서울특별시,5043244500,서울시상하수도,비회원,시장외,비중앙,,126.941,37.511,,
농어촌공사,KR,hydro,2010,0.49,hydro,충남 보령시 죽정동,충청남도,5043244500,농어촌공사,비회원,시장외,비중앙,,126.61,36.368,,
단양수중보,KR,hydro,2019,2.4,hydro,충북 단양군 단성면,충청북도,6457925000,수자원공사,정회원,시장,비중앙,,128.324,36.937,,
달방,KR,hydro,2007,0.17,hydro,강원 동해시 이로동,강원특별자치도,5043244500,수자원공사,정회원,시장,비중앙,,129.049,37.499,,
달성보,KR,hydro,2012,2.856,hydro,경북 고령군 개진면,경상북도,5043244500,수자원공사,정회원,시장,비중앙,,128.363,35.713,,
담양,KR,hydro,2007,1.274,hydro,전남 담양군 금성면,전라남도,5043244500,농어촌공사,정회원,시장,비중앙,,127.034,35.344,,
당진화력#1,KR,hydro,2010,4.998,hydro,충남 당진시 석문면,충청남도,5043244500,동서발전,정회원,시장,비중앙,,126.535,37.008,,
당진화력2소수력,KR,hydro,2014,3.2,hydro,충남 당진시 석문면,충청남도,5213156000,동서발전,정회원,시장,비중앙,,126.535,37.008,,
대곡,KR,hydro,2005,0.3,hydro,울산 울주군 두동면,울산광역시,4078734000,수자원공사,정회원,시장,비중앙,,129.202,35.711,,
대아,KR,hydro,1993,3,hydro,전남 순천시 주안면,전북특별자치도,1251768000,농어촌공사,정회원,시장,비중앙,,127.482,34.972,,
대청_1,KR,hydro,1980,45,hydro,충북 청주시 상당구,충청북도,548365000,수자원공사,정회원,시장,중앙,,127.51,36.6,,
대청_2,KR,hydro,1980,45,hydro,충북 청주시 상당구,충청북도,548365000,수자원공사,정회원,시장,중앙,,127.51,36.6,,
대청댐#1,KR,hydro,2008,0.8,hydro,충북 청주시 서원구,충청북도,5043244500,수자원공사,정회원,시장,비중앙,,127.474,36.629,,
대청댐2,KR,hydro,2017,0.9,hydro,충북 청주시 상당구,충청북도,4873333000,수자원공사,정회원,시장,비중앙,,127.51,36.6,,
덕남정수장,KR,hydro,2014,0.27,hydro,광주 남구 덕남1길,광주광역시,5213156000,GS 파워㈜,정회원,시장,비중앙,,126.896,35.096,,
동상,KR,hydro,2012,0.59,hydro,전북 완주군 동상면,전북특별자치도,5043244500,농어촌공사,정회원,시장,비중앙,,127.302,35.933,,
동화댐,KR,hydro,2005,1,hydro,전북 장수군 번안면,전북특별자치도,4078734000,농어촌공사,정회원,시장,비중앙,,127.517,35.647,,
동화정수장,KR,hydro,2015,0.12,hydro,전북 장수군 번암면,전북특별자치도,7441442000,수자원공사,정회원,시장,비중앙,,127.534,35.545,,
맹동,KR,hydro,2016,0.36,hydro,충북 음성군 맹동면,충청북도,5571468000,한국농어촌공사,정회원,시장,비중앙,,127.557,36.923,,
무주소수력,KR,hydro,2003,0.4,hydro,전북 무주군 적상면,전북특별자치도,971829000,한수원,정회원,시장,비중앙,,127.667,35.935,,
물야,KR,hydro,2011,0.41,hydro,경북 봉화군 물야면,경상북도,5043244500,-,비회원,시장외,비중앙,,128.728,36.966,,
밀양,KR,hydro,2001,1.3,hydro,경남 밀양시 산외면,경상남도,4041328000,수자원공사,정회원,시장,비중앙,,128.815,35.518,,
반변,KR,hydro,1996,1.06,hydro,경북 안동시 임하면,경상북도,1021429000,수자원공사,정회원,시장,비중앙,,128.848,36.513,,
방우리,KR,hydro,1987,2.12,hydro,충남 금산군 부리면,충청남도,1531707000,㈜청풍에너지,정회원,시장,비중앙,,127.577,36.059,,
백곡,KR,hydro,2007,0.43,hydro,충북 진천군 진천읍,충청북도,5043244500,농어촌공사,정회원,시장,비중앙,,127.445,36.856,,
백운제#1,KR,hydro,2014,0.16,hydro,전남 광양시 지실길,전라남도,5213156000,농어촌공사,정회원,시장,비중앙,,127.602,34.963,,
백제보,KR,hydro,2011,2.64,hydro,충남 부여군 부여읍,충청남도,5043244500,수자원공사,정회원,시장,비중앙,,126.903,36.275,,
보령_1,KR,hydro,1997,0.145,hydro,충남 보령시 미산면,충청남도,1276568000,수자원공사,정회원,시장,비중앙,,126.68,36.244,,
보령_2,KR,hydro,1999,0.556,hydro,충남 보령시 미산면,충청남도,1531707000,수자원공사,정회원,시장,비중앙,,126.68,36.244,,
보령화력#1,KR,hydro,2009,5,hydro,충남 보령시 오천면,충청남도,5043244500,중부발전,정회원,시장,비중앙,,126.523,36.437,,
보령화력#2,KR,hydro,2008,2.5,hydro,충남 보령군 오천면 오포,충청남도,5043244500,중부발전,정회원,시장,비중앙,,126.523,36.437,,
보성,KR,hydro,2009,1.1,hydro,전남 보성군 득량면,전라남도,5043244500,대한hydro발전(주),정회원,시장,비중앙,,127.167,34.753,,
보성강,KR,hydro,1990,4.5,hydro,전남 보성군 득량면,전라남도,854667000,한수원,정회원,시장,비중앙,,127.167,34.753,,
보청,KR,hydro,2016,0.35,hydro,충북 보은군 수한면,충청북도,5571468000,희도전력㈜,정회원,시장,비중앙,,127.674,36.463,,
보현산댐,KR,hydro,2017,0.17,hydro,경북 영천시 화북면,경상북도,10177202000,수자원공사,정회원,시장,비중앙,,128.938,36.131,,
봉화,KR,hydro,1988,2.1,hydro,경북 봉화군 명호면,충청북도,1531707000,㈜크린에너지,정회원,시장,비중앙,,128.885,36.846,,
부안,KR,hydro,1998,0.193,hydro,전북 부안군 변산면,전북특별자치도,1531707000,수자원공사,정회원,시장,비중앙,,126.523,35.645,,
부항댐,KR,hydro,2013,0.6,hydro,경북 김천시 지례면,경상북도,5043244500,수자원공사,정회원,시장,비중앙,,128.049,35.968,,
북평해양수력,KR,hydro,2016,5,hydro,강원 동해시 공단4로,강원특별자치도,5571468000,㈜GS동해전력,정회원,시장,비중앙,,129.138,37.484,,
산내,KR,hydro,1989,0.82,hydro,전북 남원시 산내면,전북특별자치도,1531707000,산내hydro발전소,정회원,시장,비중앙,,127.616,35.4,,
산청소수력*_1,KR,hydro,2001,0.995,hydro,경남 산청군 시천면,경상남도,4041328000,한수원,정회원,시장,비중앙,,127.839,35.277,,
산청소수력*_2,KR,hydro,2010,0,hydro,경남 산청군 시천면,경상남도,5043244500,한수원,정회원,시장,비중앙,,127.839,35.277,,
삼척그린파워 해양소수력,KR,hydro,2017,2.75,hydro,강원 삼척시 원덕읍,강원특별자치도,11106986000,남부발전,정회원,시장,비중앙,,129.301,37.187,,
삼천포 해양,KR,hydro,2007,6,hydro,경남 고성군 하이면,경상남도,4041328000,남동발전,정회원,시장,비중앙,,128.143,34.938,,
삼한에너지,KR,hydro,2014,2.8,hydro,강원 정선군 정선읍,강원특별자치도,5213156000,애플에너지,정회원,시장,비중앙,,128.662,37.38,,
삿갓보,KR,hydro,2011,0.4,hydro,전북 정읍시 응동면,전북특별자치도,5043244500,농어촌공사,정회원,시장,비중앙,,126.858,35.568,,
상주보,KR,hydro,2012,3,hydro,경북 상주시 중동면,경상북도,5043244500,수자원공사,정회원,시장,비중앙,,128.288,36.428,,
서리보,KR,hydro,2010,1.5,hydro,강원 인제군 기린면,강원특별자치도,5043244500,인제군청,정회원,시장,비중앙,,128.348,37.966,,
서포,KR,hydro,2014,0.35,hydro,전북 군산시 개정면,전북특별자치도,5213156000,농어촌공사,정회원,시장,비중앙,,126.786,35.963,,
섬진강댐,KR,hydro,2016,1.65,hydro,전북 임실군 강진면,전북특별자치도,5571468000,수자원공사,정회원,시장,비중앙,,127.142,35.547,,
성남,KR,hydro,2004,0.34,hydro,경기 성남시 수정구,경기도,4060031000,수자원공사,정회원,시장,비중앙,,127.127,37.442,,
성남 제2소수력,KR,hydro,2008,0.36,hydro,경기 성남시 수정구,경기도,5043244500,수자원공사,정회원,시장,비중앙,,127.127,37.442,,
성덕댐,KR,hydro,2014,0.23,hydro,경북 청송군 안덕면,경상북도,4078734000,수자원공사,정회원,시장,비중앙,,128.98,36.308,,
성주,KR,hydro,1999,1.8,hydro,경북 성주군 가천면,경상북도,1531707000,㈜성주발전,정회원,시장,비중앙,,128.14,35.867,,
세종보,KR,hydro,2011,2.31,hydro,세종 연기면,세종특별자치시,5043244500,수자원공사,정회원,시장,비중앙,,127.28,36.556,,
소양강_1,KR,hydro,1973,200,hydro,강원 춘천시 신북읍,강원특별자치도,39653000,수자원공사,정회원,시장,중앙,,127.75,37.926,,
소양강_2,KR,hydro,1973,200,hydro,강원 춘천시 신북읍,강원특별자치도,39653000,수자원공사,정회원,시장,중앙,,127.75,37.926,,
소천,KR,hydro,1987,2.4,hydro,경북 봉화군 소천면,경상북도,1531707000,㈜한여울,정회원,시장,비중앙,,128.997,36.902,,
소향,KR,hydro,2018,3,hydro,전북 전주 완주군 고산면,전북특별자치도,5929780000,농어촌공사,정회원,시장,비중앙,,127.162,35.85,,
솔향강릉,KR,hydro,2011,0.34,hydro,강원 강릉시 홍제동,강원특별자치도,5043244500,-,비회원,시장외,비중앙,,128.87,37.751,,
승촌보,KR,hydro,2011,0.8,hydro,광주 남구 승천동,광주광역시,5043244500,수자원공사,정회원,시장,비중앙,,126.935,35.112,,
신보령,KR,hydro,2016,5,hydro,충남 보령시 주교면,충청남도,5571468000,중부발전,정회원,시장,비중앙,,126.547,36.383,,
안계,KR,hydro,2013,0.99,hydro,경북 경주시 강동면,경상북도,5043244500,수자원공사,정회원,시장,비중앙,,129.268,35.997,,
안동,KR,hydro,1976,90,hydro,경북 안동시 성곡동,경상북도,130422000,수자원공사,정회원,시장,중앙,,128.539,36.598,,
안동소수력,KR,hydro,2003,1.5,hydro,경북 안동시 성곡동,경상북도,4627242000,수자원공사,정회원,시장,비중앙,,128.539,36.598,,
양양소수력,KR,hydro,2005,1.4,hydro,강원 양양군 서면,강원특별자치도,1021429000,한수원,정회원,시장,비중앙,,128.587,38.072,,
양양양수신소수력,KR,hydro,2020,0.15,hydro,충북 단양군 단성면,충청북도,6457925000,한수원,정회원,시장,비중앙,,128.324,36.937,,
어승생,KR,hydro,2020,0.287,hydro,제주 제주시 해안동,제주특별자치도,6457925000,제주도청,정회원,시장,비중앙,,126.46,33.449,,
여주보,KR,hydro,2012,4.95,hydro,경기 여주시 능서면,경기도,5043244500,수자원공사,정회원,시장,비중앙,,127.573,37.291,,
영주댐,KR,hydro,2016,5,hydro,경북 영주시 평은면,경상북도,5571468000,수자원공사,정회원,시장,비중앙,,128.695,36.743,,
영천,KR,hydro,2001,1,hydro,경북 영천시 임고면,경상북도,4041328000,수자원공사,정회원,시장,비중앙,,129.006,36.036,,
영흥해양#1,KR,hydro,2008,3,hydro,인천 옹진군 영흥면,인천광역시,5929780000,남동발전,정회원,시장,비중앙,,126.486,37.239,,
영흥해양#2,KR,hydro,2011,4.599,hydro,인천 웅진군 영흥면,인천광역시,6457925000,남동발전,정회원,시장,비중앙,,126.486,37.239,,
영흥해양#3,KR,hydro,2014,5,hydro,인천 옹진군 영흥면,인천광역시,3901083000,남동발전,정회원,시장,비중앙,,126.486,37.239,,
예당,KR,hydro,2012,0.48,hydro,충남 예산군 응봉면,충청남도,5043244500,-,비회원,시장외,비중앙,,126.761,36.666,,
예천소수력,KR,hydro,2011,0.9,hydro,경북 예천군,경상북도,5043244500,한수원,정회원,시장,비중앙,,128.452,36.657,,
예천양수,KR,hydro,2018,0.025,hydro,경북 예천군 은풍면,경상북도,5929780000,한수원,비회원,시장외,비중앙,,128.444,36.745,,
오봉지구,KR,hydro,2012,0.53,hydro,강원 강릉시 성산면,강원특별자치도,5043244500,-,비회원,시장외,비중앙,,128.83,37.717,,
용담_1,KR,hydro,2001,2.3,hydro,전북 진안군 용담면,전북특별자치도,4041328000,수자원공사,정회원,시장,비중앙,,127.488,35.948,,
용담_2,KR,hydro,2020,2.13,hydro,전북 진안군 안천면,전북특별자치도,6457925000,수자원공사,정회원,시장,비중앙,,127.549,35.898,,
용담_3,KR,hydro,2004,1.8,hydro,전북 진안군 용담면,전북특별자치도,4060031000,수자원공사,정회원,시장,비중앙,,127.488,35.948,,
용담1수력,KR,hydro,2001,22.1,hydro,전북 진안군 용담면,전북특별자치도,4041328000,수자원공사,정회원,시장,중앙,,127.488,35.948,,
용담고산#1,KR,hydro,2016,0.8,hydro,전북 완주군 고산면,전북특별자치도,5571468000,수자원공사,정회원,시장,비중앙,,127.228,35.973,,
용림,KR,hydro,2011,0.6,hydro,전북 장수군 장수읍,전북특별자치도,5043244500,농어촌공사,정회원,시장,비중앙,,127.517,35.647,,
용연 정수장,KR,hydro,2016,0.76,hydro,광주 동구 용연동,광주광역시,5571468000,GS 파워㈜,정회원,시장,비중앙,,126.971,35.102,,
운문,KR,hydro,1998,0.36,hydro,경북 청도군 운문면,경상북도,1531707000,수자원공사,정회원,시장,비중앙,,128.96,35.748,,
운서보,KR,hydro,2014,0.4,hydro,경남 함양군 휴천면,경상남도,5213156000,함양군청,정회원,시장,비중앙,,127.738,35.451,,
원정수,KR,hydro,2007,0.6,hydro,전남 광양시 금호동,전라남도,5043244500,㈜포스코,정회원,시장,비중앙,,127.739,34.926,,
원통보,KR,hydro,2011,0.2,hydro,강원 인제군 북면,강원특별자치도,5043244500,인제군청,정회원,시장,비중앙,,128.274,38.155,,
율현,KR,hydro,2008,0.56,hydro,경남 산청군 신동면,경상남도,5043244500,농어촌공사,정회원,시장,비중앙,,127.875,35.416,,
읍애,KR,hydro,2020,0.177,hydro,충북 단양군 단성면,충청북도,6457925000,수자원공사,정회원,시장,비중앙,,128.324,36.937,,
의암,KR,hydro,1967,48,hydro,강원 춘천시 신동면(한강수계 북한강 의암호),강원특별자치도,130422000,한수원,정회원,시장,중앙,,127.715,37.817,,
이포보,KR,hydro,2011,3,hydro,경기 여주군 금사면,경기도,5043244500,수자원공사,정회원,시장,비중앙,,127.502,37.399,,
일산정수장,KR,hydro,2017,0.25,hydro,경기 고양시 덕양구,경기도,8381654000,수자원공사,정회원,시장,비중앙,,126.881,37.711,,
임기,KR,hydro,1986,1.2,hydro,경북 봉화군 소천면,경상북도,1531707000,대동기업㈜,정회원,시장,비중앙,,128.997,36.902,,
임하,KR,hydro,1992,50,hydro,경북 안동시 임하면(낙동가지류 반변천 임하호),경상북도,1531707000,수자원공사,정회원,시장,중앙,,128.848,36.513,,
자인정,KR,hydro,2012,0.065,hydro,경북 경산시 자인면,경상북도,5043244500,수자원공사,정회원,시장,비중앙,,128.824,35.822,,
장성,KR,hydro,2013,1.392,hydro,전남 장성군 장성읍,전라남도,5043244500,농어촌공사,정회원,시장,비중앙,,126.782,35.3,,
장흥,KR,hydro,2005,0.8,hydro,전남 장흥군 부산면,전라남도,4078734000,수자원공사,정회원,시장,비중앙,,126.906,34.73,,
정선(봉정),KR,hydro,1993,1.92,hydro,강원 정선군 북면,강원특별자치도,1251768000,㈜정선hydro,정회원,시장,비중앙,,128.661,37.38,,
정우#2,KR,hydro,2013,0.075,hydro,전북 정읍시 정우면,전북특별자치도,5043244500,농어촌공사,정회원,시장,비중앙,,126.884,35.645,,
주암_1,KR,hydro,1991,22.5,hydro,전남 순천시 주암면(섬진강수계 보성강 주암호),전라남도,1531707000,수자원공사,정회원,시장,중앙,,127.252,35.074,,
주암_2,KR,hydro,2007,1,hydro,전남 순천시 주암면,전라남도,5043244500,수자원공사,정회원,시장,비중앙,,127.252,35.074,,
주암 역조정지댐,KR,hydro,2012,0.055,hydro,전남 순천시 상사면,전라남도,5043244500,수자원공사,정회원,시장,비중앙,,127.427,34.935,,
죽산보,KR,hydro,2011,1.22,hydro,전남 나주시 다시면,전북특별자치도,5043244500,수자원공사,정회원,시장,비중앙,,126.637,35.009,,
죽전,KR,hydro,2014,0.19,hydro,경남 합천군 가야면,경상남도,5213156000,농어촌공사,정회원,시장,비중앙,,128.111,35.748,,
청평_1,KR,hydro,1943,39.6,hydro,경기 가평군 외서면(한강수계 북한강 청평호),경기도,35859000,한수원,정회원,시장,중앙,,127.515,37.826,,
청평_2,KR,hydro,1968,40.5,hydro,경기 가평군 외서면(한강수계 북한강 청평호),경기도,35600000,한수원,정회원,시장,중앙,,127.515,37.826,,
청평_3,KR,hydro,2011,60,hydro,경기 가평군 외서면(한강수계 북한강 청평호),경기도,1636334000,한수원,정회원,시장,중앙,,127.515,37.826,,
추산_1,KR,hydro,1969,0.6,hydro,경북 울릉군 북면(나리분지수원지 용출소),경상북도,39653000,한국전력,비회원,시장외,비중앙,,130.865,37.527,,
추산_2,KR,hydro,1978,0.1,hydro,경북 울릉군 북면(나리분지수원지 용출소),경상북도,138831500,한국전력,비회원,시장외,비중앙,,130.865,37.527,,
춘천_1,KR,hydro,1965,31.14,hydro,강원 춘천시 신북읍(한강수계 북한강 춘천호),강원특별자치도,39653000,한수원,정회원,시장,중앙,,127.75,37.926,,
춘천_2,KR,hydro,1965,31.14,hydro,강원 춘천시 신북읍(한강수계 북한강 춘천호),강원특별자치도,39653000,한수원,정회원,시장,중앙,,127.75,37.926,,
충주_1,KR,hydro,1985,200,hydro,충북 충주시 동량면(한강수계 남한강 충주호),충청북도,1531707000,수자원공사,정회원,시장,중앙,,128.029,37.002,,
충주_2,KR,hydro,1985,200,hydro,충북 충주시 동량면(한강수계 남한강 충주호),충청북도,1531707000,수자원공사,정회원,시장,중앙,,128.029,37.002,,
충주_3,KR,hydro,1985,6,hydro,충북 충주시 동량면(한강수계 남한강 충주호),충청북도,1531707000,수자원공사,정회원,시장,중앙,,128.029,37.002,,
충주_4,KR,hydro,1985,6,hydro,충북 충주시 동량면(한강수계 남한강 충주호),충청북도,1531707000,수자원공사,정회원,시장,중앙,,128.029,37.002,,
칠곡보,KR,hydro,2012,3,hydro,경북 칠곡군 석적읍,경상북도,5043244500,수자원공사,정회원,시장,비중앙,,128.43,36.049,,
칠보_1,KR,hydro,1945,14.4,hydro,전북 정읍시 칠보면(섬진강수계 섬진강옥정호),전북특별자치도,58170000,한수원,정회원,시장,중앙,,126.97,35.584,,
칠보_2,KR,hydro,1965,14.6,hydro,전북 정읍시 칠보면(섬진강수계 섬진강옥정호),전북특별자치도,39653000,한수원,정회원,시장,중앙,,126.97,35.584,,
칠보_3,KR,hydro,1985,6,hydro,전북 정읍시 칠보면(섬진강수계 섬진강옥정호),전북특별자치도,1531707000,한수원,정회원,시장,중앙,,126.97,35.584,,
탑정,KR,hydro,2010,0.32,hydro,충남 논산시 부적면,충청남도,5043244500,탑정,비회원,시장외,비중앙,,127.147,36.209,,
태안소수력,KR,hydro,2008,2.2,hydro,충남 태안군 원북면,충청남도,5213156000,서부발전,정회원,시장,비중앙,,126.238,36.826,,
토평,KR,hydro,2011,0.045,hydro,경기 구리시 수택동,경기도,5043244500,한수원,비회원,시장외,비중앙,,127.161,37.589,,
판교가압장,KR,hydro,2011,0.2,hydro,경기 성남시 분당구,경기도,5043244500,수자원공사,정회원,시장,비중앙,,127.105,37.365,,
팔당_1,KR,hydro,1973,120,hydro,경기 남양주시 조안면(한강수계 북한강 팔당호),경기도,242063000,한수원,정회원,시장,중앙,,127.298,37.569,,
팔당_2,KR,hydro,1973,120,hydro,경기 남양주시 조안면(한강수계 북한강 팔당호),경기도,242063000,한수원,정회원,시장,중앙,,127.298,37.569,,
하동호,KR,hydro,2006,0.825,hydro,경남 하동군 청암면,전라남도,4078734000,농어촌공사,정회원,시장,비중앙,,127.768,35.18,,
한국해양울돌목조류,KR,renewable,2009,1,ocean,전남 진도군 군내면,전라남도,1469000000,한국해양과학기술원,정회원,시장,비중앙,,126.298,34.536,,
한석,KR,hydro,1989,2.214,hydro,충북 단양군 영춘면,충청북도,1531707000,㈜한석에너지,정회원,시장,비중앙,,128.471,37.083,,
함안보,KR,hydro,2012,5,hydro,경남 함안군 칠북면,경상남도,5043244500,수자원공사,정회원,시장,비중앙,,128.538,35.352,,
합천,KR,hydro,1989,100,hydro,경남 합천군 용주면(낙동강수계 황강 합천호),경상남도,1531707000,수자원공사,정회원,시장,중앙,,128.1,35.541,,
합천·창녕보,KR,hydro,2012,5,hydro,경남 합천군 청덕면,경상남도,5043244500,수자원공사,정회원,시장,비중앙,,128.329,35.566,,
합천2수력,KR,hydro,2017,1.8,hydro,경남 합천군 용주면,경상남도,2284711000,수자원공사,정회원,시장,비중앙,,128.1,35.541,,
행원,KR,hydro,2010,0.06,hydro,제주 제주시 구좌읍,제주특별자치도,55513243000,남부발전,정회원,시장,비중앙,,126.864,33.522,,
홍익동진,KR,hydro,2008,0.85,hydro,전북 정읍시 칠보면,전북특별자치도,5043244500,㈜홍익이앤알,정회원,시장,비중앙,,126.97,35.584,,
화천_1,KR,hydro,1944,54,hydro,강원 화천군 간동면(한강수계 북한강 파로호),강원특별자치도,80481000,한수원,정회원,시장,중앙,,127.79,38.055,,
화천_2,KR,hydro,1957,27,hydro,강원 화천군 간동면(한강수계 북한강 파로호),강원특별자치도,24630000,한수원,정회원,시장,중앙,,127.79,38.055,,
화천_3,KR,hydro,1968,27,hydro,강원 화천군 간동면(한강수계 북한강 파로호),강원특별자치도,15825000,한수원,정회원,시장,중앙,,127.79,38.055,,
회동댐,KR,hydro,2012,0.055,hydro,부산 금정구 회동동,부산광역시,5043244500,-,비회원,시장외,비중앙,,129.122,35.231,,
횡성,KR,hydro,2000,1,hydro,강원 횡성군 갑천면,강원특별자치도,1531707000,수자원공사,정회원,시장,비중앙,,128.09,37.556,,
횡성댐2,KR,hydro,2011,0.3,hydro,강원 횡성군 갑천면,강원특별자치도,5043244500,수자원공사,정회원,시장,비중앙,,128.09,37.556,,
고 리 #2,KR,PWR,1983,650,nuclear,부산 기장군 장안읍 고리,부산광역시,862914000,한수원㈜,정회원,시장,중앙,,129.277,35.326,,
고 리 #3,KR,PWR,1985,950,nuclear,부산 기장군 장안읍 고리,부산광역시,783697000,한수원㈜,정회원,시장,중앙,,129.277,35.326,,
고 리 #4,KR,PWR,1986,950,nuclear,부산 기장군 장안읍 고리,부산광역시,783697000,한수원㈜,정회원,시장,중앙,,129.277,35.326,,
신고리#1,KR,PWR,2011,1000,nuclear,울산 울주군 서생면 신암리,울산광역시,2456721000,한수원㈜,정회원,시장,중앙,,129.319,35.366,,
신고리#2,KR,PWR,2012,1000,nuclear,울산 울주군 서생면 신암리,울산광역시,2456721000,한수원㈜,정회원,시장,중앙,,129.319,35.366,,
신고리#3,KR,PWR,2016,1400,nuclear,울산 울주군 서생면 신암리,울산광역시,2704678000,한수원㈜,정회원,시장,중앙,,129.319,35.366,,
신고리#4,KR,PWR,2019,1400,nuclear,울산 울주군 서생면 신암리,울산광역시,2704678000,한수원㈜,정회원,시장,중앙,,129.319,35.366,,
신월성#1,KR,PWR,2012,1000,nuclear,경북 경주시 양남면 나아리,경상북도,2692129000,한수원㈜,정회원,시장,중앙,,129.422,35.703,,
신월성#2,KR,PWR,2015,1000,nuclear,경북 경주시 양남면 나아리,경상북도,2692129000,한수원㈜,정회원,시장,중앙,,129.422,35.703,,
신한울 #1,KR,PWR,2022,1400,nuclear,경북 울진군 북면 울진북로,경상북도,4054861000,한수원㈜,정회원,시장,중앙,,129.331,37.08,,
월 성 #2,KR,PHWR,1997,700,nuclear,경북 경주시 양남면 나아리,경상북도,2052558000,한수원㈜,정회원,시장,중앙,,129.422,35.703,,
월 성 #3,KR,PHWR,1998,700,nuclear,경북 경주시 양남면 나아리,경상북도,2227000000,한수원㈜,정회원,시장,중앙,,129.422,35.703,,
월 성 #4,KR,PHWR,1999,700,nuclear,경북 경주시 양남면 나아리,경상북도,2227000000,한수원㈜,정회원,시장,중앙,,129.422,35.703,,
한 빛 #1,KR,PWR,1986,950,nuclear,전남 영광군 홍농읍 계마리,전라남도,847679000,한수원㈜,정회원,시장,중앙,,126.415,35.404,,
한 빛 #2,KR,PWR,1987,950,nuclear,전남 영광군 홍농읍 계마리,전라남도,847679000,한수원㈜,정회원,시장,중앙,,126.415,35.404,,
한 빛 #3,KR,PWR,1995,1000,nuclear,전남 영광군 홍농읍 계마리,전라남도,1343000000,한수원㈜,정회원,시장,중앙,,126.415,35.404,,
한 빛 #4,KR,PWR,1996,1000,nuclear,전남 영광군 홍농읍 계마리,전라남도,1343000000,한수원㈜,정회원,시장,중앙,,126.415,35.404,,
한 빛 #5,KR,PWR,2002,1000,nuclear,전남 영광군 홍농읍 계마리,전라남도,1610932000,한수원㈜,정회원,시장,중앙,,126.415,35.404,,
한 빛 #6,KR,PWR,2002,1000,nuclear,전남 영광군 홍농읍 계마리,전라남도,1610932000,한수원㈜,정회원,시장,중앙,,126.415,35.404,,
한 울 #1,KR,PWR,1988,950,nuclear,경북 울진군 북면 부구리,경상북도,1050000000,한수원㈜,정회원,시장,중앙,,129.331,37.08,,
한 울 #2,KR,PWR,1989,950,nuclear,경북 울진군 북면 부구리,경상북도,1050000000,한수원㈜,정회원,시장,중앙,,129.331,37.08,,
한 울 #3,KR,PWR,1998,1000,nuclear,경북 울진군 북면 부구리,경상북도,1790125000,한수원㈜,정회원,시장,중앙,,129.331,37.08,,
한 울 #4,KR,PWR,1999,1000,nuclear,경북 울진군 북면 부구리,경상북도,1790125000,한수원㈜,정회원,시장,중앙,,129.331,37.08,,
한 울 #5,KR,PWR,2004,1000,nuclear,경북 울진군 북면 부구리,경상북도,1884000000,한수원㈜,정회원,시장,중앙,,129.331,37.08,,
한 울 #6,KR,PWR,2005,1000,nuclear,경북 울진군 북면 부구리,경상북도,1884000000,한수원㈜,정회원,시장,중앙,,129.331,37.08,,
SGC에너지#1,KR,CHP,2008,54.529,bituminous,전북 군산시 소룡동,전북특별자치도,3502478000,에쓰지씨에너지㈜,정회원,시장,비중앙,,126.682,35.975,,
SGC에너지#2,KR,CHP,2009,30.54,bituminous,전북 군산시 소룡동,전북특별자치도,3502478000,에쓰지씨에너지㈜,정회원,시장,비중앙,,126.682,35.975,,
SGC에너지#3,KR,CHP,2014,60,miscellaneous,전북 군산시 소룡동,전북특별자치도,1228770000,에쓰지씨에너지㈜,정회원,시장,비중앙,,126.682,35.975,,
SGC에너지#4,KR,CHP,2016,250,bituminous,전북 군산시 소룡동,전북특별자치도,3502478000,에쓰지씨에너지㈜,정회원,시장,비중앙,,126.682,35.975,,
SGC에너지#5,KR,CHP,2017,28.5,bituminous,전북 군산시 소룡동,전북특별자치도,3502478000,에쓰지씨에너지㈜,정회원,시장,비중앙,,126.682,35.975,,
광교열병합_1,KR,CHP,2012,102.588,LNG,경기 수원시 이의동,경기도,1566823000,지역난방공사,정회원,시장,중앙,,126.997,37.298,,
광교열병합_2,KR,CHP,2012,42.2,LNG,경기 수원시 이의동,경기도,1566823000,지역난방공사,정회원,시장,중앙,,126.997,37.298,,
구미열병합,KR,CHP,1991,97.1,bituminous,경북 구미시 공단 2동,경상북도,818230000,㈜GS E&R,정회원,시장,비중앙,,128.381,36.098,,
금호여수열병합_1,KR,CHP,2009,119.13,bituminous,전남 여수시 화치동,전라남도,3502478000,금호석유화학㈜,정회원,시장,비중앙,,127.649,34.818,,
금호여수열병합_2,KR,CHP,2016,144.97,bituminous,전남 여수시 화치동,전라남도,2937159000,금호석유화학㈜,정회원,시장,비중앙,,127.649,34.818,,
김천열병합,KR,CHP,2013,59,bituminous,경북 김천시 응명동,경상북도,4067797000,김천에너지서비스㈜,정회원,시장,비중앙,,128.182,36.127,,
김포열병합GT,KR,CHP,2023,229.62,LNG,경기 김포시 양촌읍,경기도,2157165000,서부발전㈜,정회원,시장,중앙,,126.625,37.657,2025,2
김포열병합ST,KR,CHP,2023,120.84,LNG,경기 김포시 양촌읍,경기도,2157165000,서부발전㈜,정회원,시장,중앙,,126.625,37.657,,
내포그린열병합 GT,KR,CHP,2023,329,LNG,충남 예산군 삽교읍,충청남도,1353847000,내포그린에너지㈜,정회원,시장,중앙,,126.761,36.666,,
내포그린열병합 ST,KR,CHP,2023,166,LNG,충남 예산군 삽교읍,충청남도,1353847000,내포그린에너지㈜,정회원,시장,중앙,,126.761,36.666,,
노원열병합,KR,CHP,1994,37,LNG,서울 노원구 상계동,서울특별시,519254000,서울에너지공사,정회원,시장,중앙,,127.07,37.661,,
논현열병합,KR,CHP,2007,24,LNG,인천 남동구 고잔동,인천광역시,1081172500,㈜미래엔인천에너지,정회원,시장,중앙,,126.697,37.394,,
대구그린파워_1,KR,CHP,2014,239.9,LNG,대구 동구 율암동,대구광역시,1228770000,대구그린파워㈜,정회원,시장,중앙,,128.704,35.88,,
대구그린파워_2,KR,CHP,2014,130.8,LNG,대구 동구 율암동,대구광역시,1228770000,대구그린파워㈜,정회원,시장,중앙,,128.704,35.88,,
대구열병합,KR,CHP,1997,43.5,heavy oil,대구 달서구 대천동,대구광역시,1574736000,지역난방공사,정회원,시장,중앙,,128.503,35.823,2024,27
대구염색,KR,CHP,2004,72.9,bituminous,대구 서구 평리동,대구광역시,4067797000,대구염색산업단지관리공단,정회원,시장,비중앙,,128.557,35.88,,
대전서남부,KR,CHP,2011,48.3,LNG,대전 유성구 원신흥동,대전광역시,1081172500,토지주택공사,정회원,시장,중앙,,127.344,36.349,,
대전열병합,KR,CHP,1997,88,heavy oil,대전 대덕구 신일동,대전광역시,1574736000,대전열병합발전㈜,정회원,시장,중앙,,127.406,36.438,,
데이원열병합,KR,CHP,2013,48.4,bituminous,전남 여수시 중흥동,전라남도,3502478000,데이원에너지㈜,정회원,시장,비중앙,,127.69,34.829,,
동탄열병합 #1 GT,KR,CC,2017,246.47,LNG,경기 화성시 동탄기흥로,경기도,1083062000,지역난방공사,정회원,시장,중앙,동탄열병합 #1,127.093,37.197,,
동탄열병합 #1 ST,KR,CC,2017,131.91,LNG,경기 화성시 동탄기흥로,경기도,1083062000,지역난방공사,정회원,시장,중앙,동탄열병합 #1,127.093,37.197,,
동탄열병합 #2 GT,KR,CC,2017,246.47,LNG,경기 화성시 동탄기흥로,경기도,1083062000,지역난방공사,정회원,시장,중앙,동탄열병합 #2,127.093,37.197,,
동탄열병합 #2 ST,KR,CC,2017,131.91,LNG,경기 화성시 동탄기흥로,경기도,1083062000,지역난방공사,정회원,시장,중앙,동탄열병합 #2,127.093,37.197,,
명품오산열병합_1,KR,CHP,2016,289.3,LNG,경기 오산시 누읍동,경기도,1040000000,디에스파워㈜,정회원,시장,중앙,,127.066,37.125,,
명품오산열병합_2,KR,CHP,2016,146.8,LNG,경기 오산시 누읍동,경기도,1040000000,디에스파워㈜,정회원,시장,중앙,,127.066,37.125,,
목동열병합,KR,CHP,1987,21,LNG,서울 양천구 목동,서울특별시,519254000,서울에너지공사,정회원,시장,중앙,,126.876,37.54,,
무림파워텍열병합,KR,CHP,1999,26.3,heavy oil,경남 진주시 상대동,경상남도,1908236500,무림파워텍㈜,정회원,시장,중앙,,128.117,35.179,,
반원열병합,KR,CHP,1990,76.955,bituminous,경기 안산시 초지동,경기도,791407000,㈜GS E&R,정회원,시장,비중앙,,126.817,37.31,,
별내열병합_1,KR,CHP,2013,80.06,LNG,경기 남양주시 별내동,경기도,2629090000,별내에너지,정회원,시장,중앙,,127.123,37.65,,
별내열병합_2,KR,CHP,2013,35.35,LNG,경기 남양주시 별내동,경기도,2629090000,별내에너지,정회원,시장,중앙,,127.123,37.65,,
부산염색,KR,CHP,1993,19,bituminous,부산 사하구 신평동,부산광역시,819565000,부산패션칼라산업협동조합,정회원,시장,비중앙,,128.961,35.095,,
부천 GT_1,KR,CHP,1993,200,LNG,경기 부천시 삼정동,경기도,519254000,GS파워㈜,정회원,시장,중앙,,126.777,37.502,2028,35
부천 GT_2,KR,CHP,1993,100,LNG,경기 부천시 삼정동,경기도,519254000,GS파워㈜,정회원,시장,중앙,,126.777,37.502,2028,35
부천 ST,KR,CHP,1993,150,LNG,경기 부천시 삼정동,경기도,519254000,GS파워㈜,정회원,시장,중앙,,126.777,37.502,2028,35
상공에너지열병합,KR,CHP,2012,9.8,bituminous,전북 익산시 용제동,전북특별자치도,3502478000,㈜상공에너지,정회원,시장,비중앙,,127.001,35.947,,
새만금열병합_1,KR,CHP,2015,151.5,bituminous,전북 군산시 오식도동,전북특별자치도,3502478000,OCI SE,정회원,시장,비중앙,,126.566,35.963,,
새만금열병합_2,KR,CHP,2015,151.5,bituminous,전북 군산시 오식도동,전북특별자치도,3502478000,OCI SE,정회원,시장,비중앙,,126.566,35.963,,
세종천연가스_1,KR,CHP,2013,334.208,LNG,세종시 가람동,세종특별자치시,1103693000,중부발전㈜,정회원,시장,중앙,,127.246,36.469,,
세종천연가스_2,KR,CHP,2013,196.233,LNG,세종시 가람동,세종특별자치시,1103693000,중부발전㈜,정회원,시장,중앙,,127.246,36.469,,
송도복합_1,KR,CHP,2010,134.9,LNG,인천 연수구 송도동,인천광역시,1081172500,인천종합에너지㈜,정회원,시장,중앙,,126.632,37.375,,
송도복합_2,KR,CHP,2010,52.4,LNG,인천 연수구 송도동,인천광역시,1081172500,인천종합에너지㈜,정회원,시장,중앙,,126.632,37.375,,
수완에너지_1,KR,CHP,2010,80.066,LNG,광주 광산구 수완동,광주광역시,1081172500,수완에너지㈜,정회원,시장,중앙,,126.81,35.184,,
수완에너지_2,KR,CHP,2010,35.18,LNG,광주 광산구 수완동,광주광역시,1081172500,수완에너지㈜,정회원,시장,중앙,,126.81,35.184,,
수원열병합,KR,CHP,1997,43.2,heavy oil,경기 수원시 팔달구 영통동,경기도,1574736000,지역난방공사,정회원,시장,중앙,,127.014,37.271,2028,31
신정열병합,KR,CHP,2011,6,LNG,서울 양천구 신월동,서울특별시,1081172500,서울에너지공사,정회원,시장,비중앙,,126.833,37.529,,
아산배방열병합_1,KR,CHP,2011,79.3,LNG,충남 아산시 배방읍,충청남도,1081172500,토지주택공사,정회원,시장,중앙,,127.1,36.788,,
아산배방열병합_2,KR,CHP,2011,22.4,LNG,충남 아산시 배방읍,충청남도,1081172500,토지주택공사,정회원,시장,중앙,,127.1,36.788,,
안산열병합,KR,CHP,2001,60,LNG,경기 안산시 초지동,경기도,703506000,안산도시개발,정회원,시장,중앙,,126.817,37.31,,
안양 GT,KR,CHP,1992,300,LNG,경기 안양시 관양동,경기도,519254000,GS파워㈜,정회원,시장,중앙,,126.949,37.391,,
안양 ST,KR,CHP,1993,150,LNG,경기 안양시 관양동,경기도,519254000,GS파워㈜,정회원,시장,중앙,,126.949,37.391,,
안양열병합#2-1 GT,KR,CC,2018,320.72,LNG,경기 안양시 평촌동,경기도,903632000,GS파워㈜,정회원,시장,중앙,안양열병합#2-1,126.966,37.389,,
안양열병합#2-1 ST,KR,CC,2018,160.97,LNG,경기 안양시 평촌동,경기도,903632000,GS파워㈜,정회원,시장,중앙,안양열병합#2-1,126.966,37.389,,
양산열병합 GT,KR,CC,2023,78.012,LNG,경남 양산시 동면,경상남도,1670415000,지역난방공사,정회원,시장,중앙,양산열병합,129.029,35.325,,
양산열병합 ST,KR,CC,2023,40.96,LNG,경남 양산시 동면,경상남도,1670415000,지역난방공사,정회원,시장,중앙,양산열병합,129.029,35.325,,
양주열병합_1,KR,CHP,2014,330,LNG,경기 양주시 옥정동,경기도,1228770000,대륜발전㈜,정회원,시장,중앙,,127.093,37.822,,
양주열병합_2,KR,CHP,2014,194.3,LNG,경기 양주시 옥정동,경기도,1228770000,대륜발전㈜,정회원,시장,중앙,,127.093,37.822,,
위례열병합_1,KR,CHP,2017,270.4,LNG,경기 하남시 위례대로4길,경기도,1058652000,위례에너지서비스㈜,정회원,시장,중앙,,127.15,37.481,,
위례열병합_2,KR,CHP,2017,142.2,LNG,경기 하남시 위례대로4길,경기도,1058652000,위례에너지서비스㈜,정회원,시장,중앙,,127.15,37.481,,
인천공항_1,KR,CHP,2001,94,LNG,인천 중구 운서동,인천광역시,703506000,인천공항에너지㈜,정회원,시장,중앙,,126.442,37.463,,
인천공항_2,KR,CHP,2001,33,LNG,인천 중구 운서동,인천광역시,703506000,인천공항에너지㈜,정회원,시장,중앙,,126.442,37.463,,
전북집단에너지,KR,CHP,1992,19,bituminous,전북 익산시 신흥동,전북특별자치도,819565000,전북집단에너지㈜,정회원,시장,비중앙,,126.989,35.939,,
청주열병합,KR,CHP,2000,58.3,heavy oil,충북 청주시 흥덕구 죽림동,충청북도,1908236500,지역난방공사,정회원,시장,중앙,,127.44,36.612,2025,25
춘천열병합_1,KR,CHP,2017,287.8,LNG,강원 춘천시 동산면,강원특별자치도,1560179000,춘천에너지㈜,정회원,시장,중앙,,127.814,37.775,,
춘천열병합_2,KR,CHP,2017,143.4,LNG,강원 춘천시 동산면,강원특별자치도,1560179000,춘천에너지㈜,정회원,시장,중앙,,127.814,37.775,,
파주열병합_1,KR,CHP,2011,326.8,LNG,경기 파주시 교하읍,경기도,883107000,지역난방공사,정회원,시장,중앙,,126.779,37.754,,
파주열병합_2,KR,CHP,2011,188.7,LNG,경기 파주시 교하읍,경기도,883107000,지역난방공사,정회원,시장,중앙,,126.779,37.754,,
판교열병합_1,KR,CHP,2010,77.863,LNG,경기 성남시 판교동,경기도,1081172500,지역난방공사,정회원,시장,중앙,,127.099,37.39,,
판교열병합_2,KR,CHP,2010,68.451,LNG,경기 성남시 판교동,경기도,1081172500,지역난방공사,정회원,시장,중앙,,127.099,37.39,,
포천그린에너지,KR,CHP,2018,169.9,bituminous,경기 포천시 신북면,경기도,3502478000,지에스포천그린에너지,정회원,시장,비중앙,,127.204,37.894,,
하남열병합_1,KR,CHP,2015,240.75,LNG,경기 하남시 풍산동,경기도,1228770000,나래에너지서비스㈜,정회원,시장,중앙,,127.185,37.549,,
하남열병합_2,KR,CHP,2015,123.061,LNG,경기 하남시 풍산동,경기도,1228770000,나래에너지서비스㈜,정회원,시장,중앙,,127.185,37.549,,
화성복합_1,KR,CHP,2007,321.6,LNG,경기 화성시 동탄면,경기도,703506000,지역난방공사,정회원,시장,중앙,,127.032,37.224,,
화성복합_2,KR,CHP,2007,190.2,LNG,경기 화성시 동탄면,경기도,703506000,지역난방공사,정회원,시장,중앙,,127.032,37.224,,
IGCC_충남_정회원,KR,renewable,2024,346.33,IGCC,충청남도,충청남도,,,정회원,시장,비중앙,,126.673,36.659,,
fuelcell_강원_정회원,KR,renewable,2024,98.4,fuelcell,강원특별자치도,강원특별자치도,,,정회원,시장,비중앙,,127.73,37.885,,
fuelcell_경기_정회원,KR,renewable,2024,254.63,fuelcell,경기도,경기도,,,정회원,시장,비중앙,,127.054,37.288,,
fuelcell_경남_정회원,KR,renewable,2024,9,fuelcell,경상남도,경상남도,,,정회원,시장,비중앙,,128.693,35.238,,
fuelcell_경북_정회원,KR,renewable,2024,65.91,fuelcell,경상북도,경상북도,,,정회원,시장,비중앙,,128.506,36.575,,
fuelcell_광주_정회원,KR,renewable,2024,20.72,fuelcell,광주광역시,광주광역시,,,정회원,시장,비중앙,,126.852,35.159,,
fuelcell_대구_정회원,KR,renewable,2024,3.9,fuelcell,대구광역시,대구광역시,,,정회원,시장,비중앙,,128.602,35.871,,
fuelcell_대전_정회원,KR,renewable,2024,7.06,fuelcell,대전광역시,대전광역시,,,정회원,시장,비중앙,,127.385,36.35,,
fuelcell_부산_정회원,KR,renewable,2024,40.48,fuelcell,부산광역시,부산광역시,,,정회원,시장,비중앙,,129.075,35.18,,
fuelcell_서울_정회원,KR,renewable,2024,86.3,fuelcell,서울특별시,서울특별시,,,정회원,시장,비중앙,,126.978,37.567,,
fuelcell_세종_정회원,KR,renewable,2024,5.28,fuelcell,세종특별자치시,세종특별자치시,,,정회원,시장,비중앙,,127.289,36.48,,
fuelcell_울산_정회원,KR,renewable,2024,37.298,fuelcell,울산광역시,울산광역시,,,정회원,시장,비중앙,,129.312,35.539,,
fuelcell_인천_정회원,KR,renewable,2024,245.64,fuelcell,인천광역시,인천광역시,,,정회원,시장,비중앙,,126.705,37.456,,
fuelcell_전남_정회원,KR,renewable,2024,68.56,fuelcell,전라남도,전라남도,,,정회원,시장,비중앙,,126.463,34.816,,
fuelcell_전북_정회원,KR,renewable,2024,15,fuelcell,전북특별자치도,전북특별자치도,,,정회원,시장,비중앙,,127.109,35.82,,
fuelcell_충남_정회원,KR,renewable,2024,82.72,fuelcell,충청남도,충청남도,,,정회원,시장,비중앙,,126.673,36.659,,
fuelcell_충북_정회원,KR,renewable,2024,39.6,fuelcell,충청북도,충청북도,,,정회원,시장,비중앙,,127.492,36.636,,
solar_강원_정회원,KR,renewable,2024,747.461233,solar,강원특별자치도,강원특별자치도,,,정회원,시장,비중앙,,127.73,37.885,,
solar_경기_정회원,KR,renewable,2024,441.447985,solar,경기도,경기도,,,정회원,시장,비중앙,,127.054,37.288,,
solar_경남_정회원,KR,renewable,2024,630.816265,solar,경상남도,경상남도,,,정회원,시장,비중앙,,128.693,35.238,,
solar_경북_정회원,KR,renewable,2024,922.127979,solar,경상북도,경상북도,,,정회원,시장,비중앙,,128.506,36.575,,
solar_광주_정회원,KR,renewable,2024,79.551006,solar,광주광역시,광주광역시,,,정회원,시장,비중앙,,126.852,35.159,,
solar_대구_정회원,KR,renewable,2024,78.353875,solar,대구광역시,대구광역시,,,정회원,시장,비중앙,,128.602,35.871,,
solar_대전_정회원,KR,renewable,2024,17.72821,solar,대전광역시,대전광역시,,,정회원,시장,비중앙,,127.385,36.35,,
solar_부산_정회원,KR,renewable,2024,144.06018,solar,부산광역시,부산광역시,,,정회원,시장,비중앙,,129.075,35.18,,
solar_서울_정회원,KR,renewable,2024,20.408345,solar,서울특별시,서울특별시,,,정회원,시장,비중앙,,126.978,37.567,,
solar_세종_정회원,KR,renewable,2024,35.63233,solar,세종특별자치시,세종특별자치시,,,정회원,시장,비중앙,,127.289,36.48,,
solar_울산_정회원,KR,renewable,2024,60.93989,solar,울산광역시,울산광역시,,,정회원,시장,비중앙,,129.312,35.539,,
solar_인천_정회원,KR,renewable,2024,63.921975,solar,인천광역시,인천광역시,,,정회원,시장,비중앙,,126.705,37.456,,
solar_전남_정회원,KR,renewable,2024,3123.685655,solar,전라남도,전라남도,,,정회원,시장,비중앙,,126.463,34.816,,
solar_전북_정회원,KR,renewable,2024,909.793255,solar,전북특별자치도,전북특별자치도,,,정회원,시장,비중앙,,127.109,35.82,,
solar_제주_정회원,KR,renewable,2024,449.52784,solar,제주특별자치도,제주특별자치도,,,정회원,시장,비중앙,,126.499,33.489,,
solar_충남_정회원,KR,renewable,2024,1525.735435,solar,충청남도,충청남도,,,정회원,시장,비중앙,,126.673,36.659,,
solar_충북_정회원,KR,renewable,2024,407.96263,solar,충청북도,충청북도,,,정회원,시장,비중앙,,127.492,36.636,,
waste_강원_정회원,KR,renewable,2024,18.48,waste,강원특별자치도,강원특별자치도,,,정회원,시장,비중앙,,127.73,37.885,,
waste_경기_정회원,KR,renewable,2024,51.455,waste,경기도,경기도,,,정회원,시장,비중앙,,127.054,37.288,,
waste_경남_정회원,KR,renewable,2024,6.65,waste,경상남도,경상남도,,,정회원,시장,비중앙,,128.693,35.238,,
waste_경북_정회원,KR,renewable,2024,38.775,waste,경상북도,경상북도,,,정회원,시장,비중앙,,128.506,36.575,,
waste_광주_정회원,KR,renewable,2024,3.96,waste,광주광역시,광주광역시,,,정회원,시장,비중앙,,126.852,35.159,,
waste_대구_정회원,KR,renewable,2024,9.9,waste,대구광역시,대구광역시,,,정회원,시장,비중앙,,128.602,35.871,,
waste_대전_정회원,KR,renewable,2024,88,waste,대전광역시,대전광역시,,,정회원,시장,비중앙,,127.385,36.35,,
waste_부산_정회원,KR,renewable,2024,33.9,waste,부산광역시,부산광역시,,,정회원,시장,비중앙,,129.075,35.18,,
waste_서울_정회원,KR,renewable,2024,27.95,waste,서울특별시,서울특별시,,,정회원,시장,비중앙,,126.978,37.567,,
waste_세종_정회원,KR,renewable,2024,3.25,waste,세종특별자치시,세종특별자치시,,,정회원,시장,비중앙,,127.289,36.48,,
waste_울산_정회원,KR,renewable,2024,18.2,waste,울산광역시,울산광역시,,,정회원,시장,비중앙,,129.312,35.539,,
waste_인천_정회원,KR,renewable,2024,27.8,waste,인천광역시,인천광역시,,,정회원,시장,비중앙,,126.705,37.456,,
waste_전남_정회원,KR,renewable,2024,23.3884,waste,전라남도,전라남도,,,정회원,시장,비중앙,,126.463,34.816,,
waste_전북_정회원,KR,renewable,2024,12.385,waste,전북특별자치도,전북특별자치도,,,정회원,시장,비중앙,,127.109,35.82,,
waste_제주_정회원,KR,renewable,2024,19.2,waste,제주특별자치도,제주특별자치도,,,정회원,시장,비중앙,,126.499,33.489,,
waste_충남_정회원,KR,renewable,2024,8.84,waste,충청남도,충청남도,,,정회원,시장,비중앙,,126.673,36.659,,
waste_충북_정회원,KR,renewable,2024,50.037,waste,충청북도,충청북도,,,정회원,시장,비중앙,,127.492,36.636,,
wind_강원_정회원,KR,renewable,2024,570.118,wind,강원특별자치도,강원특별자치도,,,정회원,시장,비중앙,,127.73,37.885,,
wind_경기_정회원,KR,renewable,2024,5.25,wind,경기도,경기도,,,정회원,시장,비중앙,,127.054,37.288,,
wind_경남_정회원,KR,renewable,2024,86.18,wind,경상남도,경상남도,,,정회원,시장,비중앙,,128.693,35.238,,
wind_경북_정회원,KR,renewable,2024,577.98,wind,경상북도,경상북도,,,정회원,시장,비중앙,,128.506,36.575,,
wind_부산_정회원,KR,renewable,2024,0.75,wind,부산광역시,부산광역시,,,정회원,시장,비중앙,,129.075,35.18,,
wind_인천_정회원,KR,renewable,2024,49,wind,인천광역시,인천광역시,,,정회원,시장,비중앙,,126.705,37.456,,
wind_전남_정회원,KR,renewable,2024,454.875,wind,전라남도,전라남도,,,정회원,시장,비중앙,,126.463,34.816,,
wind_전북_정회원,KR,renewable,2024,79.5,wind,전북특별자치도,전북특별자치도,,,정회원,시장,비중앙,,127.109,35.82,,
wind_제주_정회원,KR,renewable,2024,421.97,wind,제주특별자치도,제주특별자치도,,,정회원,시장,비중앙,,126.499,33.489,,
wind_충남_정회원,KR,renewable,2024,2,wind,충청남도,충청남도,,,정회원,시장,비중앙,,126.673,36.659,,
신한울#2,KR,nuclear,2024,1400,nuclear,경북 울진군 북면 울진북로,경상북도,,한수원㈜,정회원,시장,중앙,,,,,
삼척#1,KR,ST,2024,1050,bituminous,강원특별자치도 삼척시 적노동,강원특별자치도,,삼척블루파워,정회원,시장,중앙,,,,,
신세종복합,KR,CHP,2024,597,LNG,세종특별자치시 누리동,세종특별자치시,,남부발전㈜,정회원,시장,중앙,,,,,
대구열병합 대체,KR,CHP,2024,270,LNG,대구 달서구 대천동,대구광역시,,지역난방공사,정회원,시장,중앙,,,,,
통영천연가스,KR,CC,2024,1000,LNG,경상남도 통영시 광도면,경상남도,,통영에코파워 주식회사,정회원,시장,중앙,,,,,
울산GPS복합,KR,CC,2024,1227,LNG,울산광역시 남구,울산광역시,,울산지피에스(주),정회원,시장,중앙,,,,,
삼척#2,KR,ST,2025,1050,bituminous,강원특별자치도 삼척시 적노동,강원특별자치도,,삼척블루파워 주식회사,정회원,시장,중앙,,,,,
청주열병합 대체,KR,CHP,2025,270,LNG,충북 청주시 흥덕구 죽림동,충청북도,,지역난방공사,정회원,시장,중앙,,,,,
음성천연가스#1,KR,CC,2025,561,LNG,충북 음성군 음성읍 평곡리,충청북도,,동서발전㈜,정회원,시장,중앙,,,,,
김포열병합(GT교체),KR,CHP,2025,145,LNG,경기 김포시 양촌읍,경기도,,서부발전㈜,정회원,시장,중앙,,,,,
마곡열병합,KR,CHP,2025,285,LNG,서울시 강서구 마곡동,서울특별시,,남동발전㈜,정회원,시장,중앙,,,,,
부천복합#2-1,KR,CHP,2025,498,LNG,경기 부천시 삼정동,경기도,,GS파워㈜,정회원,시장,중앙,,,,,
구미천연가스,KR,CC,2025,500,LNG,경북 구미시 해평면 괴곡리,경상북도,,서부발전㈜,정회원,시장,중앙,,,,,
새울#3,KR,nuclear,2026,1400,nuclear,울산시 울주군 서생면,울산광역시,,한수원㈜,정회원,시장,중앙,,,,,
안동복합#2,KR,CC,2026,500,LNG,경북 안동시 풍산읍 괴정리,경상북도,,남부발전㈜,정회원,시장,중앙,,,,,
보령천연가스,KR,CC,2026,500,LNG,충남 보령시 주교면,충청남도,,중부발전㈜,정회원,시장,중앙,,,,,
여수그린에너지,KR,CHP,2026,495,LNG,전남 여수시 월내동,전라남도,,동서발전㈜,정회원,시장,중앙,,,,,
새울#4,KR,nuclear,2026,1400,nuclear,울산시 울주군 서생면,울산광역시,,한수원㈜,정회원,시장,중앙,,,,,
공주천연가스,KR,CC,2026,500,LNG,충남 공주시 이인면 만수리,충청남도,,서부발전㈜,정회원,시장,중앙,,,,,
남양주열병합,KR,CHP,2026,493,LNG,경기 남양주시 진건읍 진관리,경기도,,㈜남양주열병합,정회원,시장,중앙,,,,,
대산복합 대체,KR,CC,2026,512,LNG,충남 서산시 대산읍,충청남도,,씨지앤대산전력㈜,정회원,시장,중앙,,,,,
고성천연가스,KR,CC,2027,1120,LNG,경남 고성군 하이면 하이리,경상남도,,남동발전㈜,정회원,시장,중앙,,,,,
제주복합#3GT,KR,CC,2027,100,LNG,제주도 제주시 삼양1동,제주특별자치도,,중부발전㈜,정회원,시장,중앙,,,,,
제주청정에너지복합GT,KR,CC,2027,100,LNG,제주도 제주시 구좌읍 동복리,제주특별자치도,,동서발전㈜,정회원,시장,중앙,,,,,
분당복합#1 대체,KR,CC,2027,500,LNG,경기 성남시 분당동,경기도,,남동발전㈜,정회원,시장,중앙,,,,,
제주복합#3ST,KR,CC,2027,50,LNG,제주도 제주시 삼양1동,제주특별자치도,,중부발전㈜,정회원,시장,중앙,,,,,
제주청정에너지복합ST,KR,CC,2027,50,LNG,제주도 제주시 구좌읍 동복리,제주특별자치도,,동서발전㈜,정회원,시장,중앙,,,,,
함안천연가스,KR,CC,2027,500,LNG,경남 함안군 군북면 유현리,경상남도,,중부발전㈜,정회원,시장,중앙,,,,,
하동복합#1,KR,CC,2027,1000,LNG,경남 하동군 금성면,경상남도,,남부발전㈜,정회원,시장,중앙,,,,,
음성천연가스#2,KR,CC,2028,561,LNG,충북 음성군 음성읍 평곡리,충청북도,,동서발전㈜,정회원,시장,중앙,,,,,
수원열병합 대체,KR,CHP,2028,141,LNG,경기 수원시 팔달구 영통동,경기도,,지역난방공사,정회원,시장,중앙,,,,,
부천복합#2-2,KR,CHP,2028,498,LNG,경기 부천시 삼정동,경기도,,GS파워㈜,정회원,시장,중앙,,,,,
삼천포#5 대체,KR,CC,2028,500,LNG,경남 고성군 하이면 덕호리,경상남도,,남동발전㈜,정회원,시장,중앙,,,,,
여수천연가스,KR,CC,2028,500,LNG,전남 여수시 묘도동,전라남도,,서부발전㈜,정회원,시장,중앙,,,,,
하동#4 대체,KR,CC,2028,500,LNG,경남 하동군 금성면,경상남도,,남부발전㈜,정회원,시장,중앙,,,,,
"동해#1,2 대체",KR,CC,2029,400,LNG,강원 동해시 구호동,강원특별자치도,,동서발전㈜,정회원,시장,중앙,,,,,
삼천포#6 대체,KR,CC,2029,500,LNG,경남 고성군 하이면 덕호리,경상남도,,남동발전㈜,정회원,시장,중앙,,,,,
태안#4 대체,KR,CHP,2029,500,LNG,충남 아산시 탕정면,충청남도,,서부발전㈜,정회원,시장,중앙,,,,,
신호남복합,KR,CC,2029,1000,LNG,전남 여수시 월내동,전라남도,,동서발전㈜,정회원,시장,중앙,,,,,
용인#1복합,KR,CC,2030,500,LNG,경기 용인시 처인구 원삼면,경기도,,동서발전㈜,정회원,시장,중앙,,,,,
용인#2복합,KR,CC,2030,500,LNG,경기 용인시 처인구 원삼면,경기도,,동서발전㈜,정회원,시장,중앙,,,,,
용인#3복합,KR,CC,2031,500,LNG,경기 용인시 처인구 원삼면,경기도,,남부발전㈜,정회원,시장,중앙,,,,,
신규 열병합_1,KR,CHP,2031,200,LNG,?,?,,?,?,?,?,,,,,
용인#4복합,KR,CC,2031,500,LNG,경기 용인시 처인구 원삼면,경기도,,남부발전㈜,정회원,시장,중앙,,,,,
분당복합#2 대체,KR,CC,2032,500,LNG,경기 성남시 분당동,경기도,,남동발전㈜,정회원,시장,중앙,,,,,
신규 열병합_2,KR,CHP,2032,2000,LNG,?,?,,?,?,?,?,,,,,
신한울#3,KR,nuclear,2032,1400,nuclear,경북 울진군 북면 울진북로,경상북도,,한수원㈜,정회원,시장,중앙,,,,,
용인#5복합,KR,CC,2032,500,LNG,경기 용인시 처인구 원삼면,경기도,,서부발전㈜,정회원,시장,중앙,,,,,
용인#6복합,KR,CC,2032,500,LNG,경기 용인시 처인구 원삼면,경기도,,서부발전㈜,정회원,시장,중앙,,,,,
신규 발전설비 (전원유보)_1,KR,GT,2033,1400,H2,?,?,,?,?,?,?,,,,,
신한울#4,KR,nuclear,2033,1400,nuclear,경북 울진군 북면 울진북로,경상북도,,한수원㈜,정회원,시장,중앙,,,,,
영흥#1 대체,KR,CC,2034,800,LNG,인천 옹진군 영흥면,인천광역시,,남동발전㈜,정회원,시장,중앙,,,,,
신규 발전설비 (전원유보)_2,KR,GT,2034,100,H2,?,?,,?,?,?,?,,,,,
신규SMR#1 (모듈 1) ,KR,nuclear,2034,175,nuclear,?,?,,한수원㈜,정회원,시장,중앙,,,,,
영흥#2 대체,KR,CC,2034,800,LNG,인천 옹진군 영흥면,인천광역시,,남동발전㈜,정회원,시장,중앙,,,,,
신규SMR#1 (모듈 2) ,KR,nuclear,2034,175,nuclear,?,?,,한수원㈜,정회원,시장,중앙,,,,,
신규SMR#1 (모듈 3) ,KR,nuclear,2035,175,nuclear,?,?,,한수원㈜,정회원,시장,중앙,,,,,
신규SMR#1 (모듈 4) ,KR,nuclear,2035,175,nuclear,?,?,,한수원㈜,정회원,시장,중앙,,,,,
신규 발전설비 (무탄소시장)_1,KR,GT,2035,700,H2,?,?,,?,?,?,?,,,,,
당진#5 대체,KR,CC,2036,500,LNG,충남 당진시 석문면,충청남도,,동서발전㈜,정회원,시장,중앙,,,,,
당진#6 대체,KR,CC,2036,500,LNG,충남 당진시 석문면,충청남도,,동서발전㈜,정회원,시장,중앙,,,,,
신규 발전설비 (무탄소시장)_2,KR,GT,2036,800,H2,?,?,,?,?,?,?,,,,,
신규원전#1,KR,nuclear,2037,1400,nuclear,?,?,,한수원㈜,정회원,시장,중앙,,,,,
신규 발전설비 (전원유보)_3,KR,GT,2037,200,H2,?,?,,?,?,?,?,,,,,
영흥#3 대체#2,KR,CC,2037,370,LNG,인천 옹진군 영흥면,인천광역시,,남동발전㈜,정회원,시장,중앙,,,,,
당진#8 대체,KR,CC,2037,500,LNG,충남 당진시 석문면,충청남도,,동서발전㈜,정회원,시장,중앙,,,,,
태안#7 대체,KR,CC,2037,500,LNG,충남 태안군 원북면 방갈리,충청남도,,서부발전㈜,정회원,시장,중앙,,,,,
태안#8 대체,KR,CC,2037,500,LNG,충남 태안군 원북면 방갈리,충청남도,,서부발전㈜,정회원,시장,중앙,,,,,
보령#3 대체,KR,CC,2038,550,LNG,충남 보령군 오천면,충청남도,,중부발전㈜,정회원,시장,중앙,,,,,
신규원전#2,KR,nuclear,2038,1400,nuclear,?,?,,한수원㈜,정회원,시장,중앙,,,,,
신규 발전설비 (전원유보)_4,KR,GT,2038,1400,H2,?,?,,?,?,?,?,,,,,
보령#7 대체,KR,CC,2038,500,LNG,충남 보령군 오천면,충청남도,,중부발전㈜,정회원,시장,중앙,,,,,
보령#8 대체,KR,CC,2038,500,LNG,충남 보령군 오천면,충청남도,,중부발전㈜,정회원,시장,중앙,,,,,