name,bus,type,build_year,p_nom,carrier,address,province,capital_cost,company,membership,market,control,cc_group,x,y
강릉안인#1,KR,ST,2022,1040,bituminous,강원 강릉시 강동면,강원특별자치도,1462552000,강릉에코파워(주),정회원,시장,중앙,,129.0057235,37.7169009
강릉안인#2,KR,ST,2022,1040,bituminous,강원 강릉시 강동면,강원특별자치도,1462552000,강릉에코파워(주),정회원,시장,중앙,,129.0057235,37.7169009
남제주#1,KR,renewable,2006,100,bio,제주 서귀포시 안덕면,제주특별자치도,1469000000,남부발전㈜,정회원,시장,중앙,,126.3144371,33.2348963
남제주#2,KR,renewable,2007,100,bio,제주 서귀포시 안덕면,제주특별자치도,1469000000,남부발전㈜,정회원,시장,중앙,,126.3144371,33.2348963
당진#1,KR,ST,1999,500,bituminous,충남 당진시 석문면,충청남도,1646894000,동서발전㈜,정회원,시장,중앙,,126.53523,37.00826
당진#10,KR,ST,2016,1020,bituminous,충남 당진시 석문면,충청남도,1479050000,동서발전㈜,정회원,시장,중앙,,126.53523,37.00826
당진#2,KR,ST,1999,500,bituminous,충남 당진시 석문면,충청남도,1646894000,동서발전㈜,정회원,시장,중앙,,126.53523,37.00826
당진#3,KR,ST,2000,500,bituminous,충남 당진시 석문면,충청남도,1139396000,동서발전㈜,정회원,시장,중앙,,126.53523,37.00826
당진#4,KR,ST,2001,500,bituminous,충남 당진시 석문면,충청남도,1139396000,동서발전㈜,정회원,시장,중앙,,126.53523,37.00826
당진#5,KR,ST,2005,500,bituminous,충남 당진시 석문면,충청남도,940867000,동서발전㈜,정회원,시장,중앙,,126.53523,37.00826
당진#6,KR,ST,2006,500,bituminous,충남 당진시 석문면,충청남도,940867000,동서발전㈜,정회원,시장,중앙,,126.53523,37.00826
당진#7,KR,ST,2007,500,bituminous,충남 당진시 석문면,충청남도,836200000,동서발전㈜,정회원,시장,중앙,,126.53523,37.00826
당진#8,KR,ST,2007,500,bituminous,충남 당진시 석문면,충청남도,836200000,동서발전㈜,정회원,시장,중앙,,126.53523,37.00826
당진#9,KR,ST,2016,1020,bituminous,충남 당진시 석문면,충청남도,1479050000,동서발전㈜,정회원,시장,중앙,,126.53523,37.00826
동해#1,KR,ST,1998,200,anthracite,강원 동해시 구호동,강원특별자치도,1409448000,동서발전㈜,정회원,시장,중앙,,129.14624,37.48473
동해#2,KR,ST,1999,200,anthracite,강원 동해시 구호동,강원특별자치도,1409448000,동서발전㈜,정회원,시장,중앙,,129.14624,37.48473
보령#1,KR,ST,1983,500,bituminous,충남 보령군 오천면,충청남도,690824000,중부발전㈜,정회원,시장,중앙,,126.5233283,36.4371305
보령#2,KR,ST,1984,500,bituminous,충남 보령군 오천면,충청남도,690824000,중부발전㈜,정회원,시장,중앙,,126.5233283,36.4371305
보령#3,KR,ST,1993,500,bituminous,충남 보령군 오천면,충청남도,764584000,중부발전㈜,정회원,시장,중앙,,126.5233283,36.4371305
보령#4,KR,ST,1993,500,bituminous,충남 보령군 오천면,충청남도,764584000,중부발전㈜,정회원,시장,중앙,,126.5233283,36.4371305
보령#5,KR,ST,1993,500,bituminous,충남 보령군 오천면,충청남도,690824000,중부발전㈜,정회원,시장,중앙,,126.5233283,36.4371305
보령#6,KR,ST,1994,500,bituminous,충남 보령군 오천면,충청남도,690824000,중부발전㈜,정회원,시장,중앙,,126.5233283,36.4371305
보령#7,KR,ST,2008,500,bituminous,충남 보령군 오천면,충청남도,1265000000,중부발전㈜,정회원,시장,중앙,,126.5233283,36.4371305
보령#8,KR,ST,2008,500,bituminous,충남 보령군 오천면,충청남도,1265000000,중부발전㈜,정회원,시장,중앙,,126.5233283,36.4371305
북평#1,KR,ST,2017,595,bituminous,강원 동해시 공단4로,강원특별자치도,1328826000,㈜GS 동해전력,정회원,시장,중앙,,129.1379144,37.4836223
북평#2,KR,ST,2017,595,bituminous,강원 동해시 공단4로,강원특별자치도,1328826000,㈜GS 동해전력,정회원,시장,중앙,,129.1379144,37.4836223
삼척그린파워 #1,KR,ST,2016,1022,bituminous,강원 삼척시 원덕읍,강원특별자치도,1951115000,남부발전㈜,정회원,시장,중앙,,129.30085,37.18692
삼척그린파워 #2,KR,ST,2017,1022,bituminous,강원 삼척시 원덕읍,강원특별자치도,1951115000,남부발전㈜,정회원,시장,중앙,,129.30085,37.18692
삼천포#1,KR,ST,1983,560,bituminous,경남 고성군 하이면 덕호리,경상남도,690824000,남동발전㈜,정회원,시장,중앙,,128.14274,34.93837
삼천포#2,KR,ST,1984,560,bituminous,경남 고성군 하이면 덕호리,경상남도,690824000,남동발전㈜,정회원,시장,중앙,,128.14274,34.93837
삼천포#3,KR,ST,1993,560,bituminous,경남 고성군 하이면 덕호리,경상남도,629660000,남동발전㈜,정회원,시장,중앙,,128.14274,34.93837
삼천포#4,KR,ST,1994,560,bituminous,경남 고성군 하이면 덕호리,경상남도,629660000,남동발전㈜,정회원,시장,중앙,,128.14274,34.93837
삼천포#5,KR,ST,1997,500,bituminous,경남 고성군 하이면 덕호리,경상남도,818230000,남동발전㈜,정회원,시장,중앙,,128.14274,34.93837
삼천포#6,KR,ST,1998,500,bituminous,경남 고성군 하이면 덕호리,경상남도,818230000,남동발전㈜,정회원,시장,중앙,,128.14274,34.93837
신보령#1,KR,ST,2017,1019.029,bituminous,충남 보령시 오천면,충청남도,1462552000,중부발전㈜,정회원,시장,중앙,,126.5233283,36.4371305
신보령#2,KR,ST,2017,1019.029,bituminous,충남 보령시 오천면,충청남도,1462552000,중부발전㈜,정회원,시장,중앙,,126.5233283,36.4371305
여수#1,KR,ST,2016,340,bituminous,전남 여수시 증흥동,전라남도,1265000000,남동발전㈜,정회원,시장,중앙,,127.7404743,34.7408602
여수#2,KR,ST,1977,328.6,bituminous,전남 여수시 증흥동,전라남도,83681000,남동발전㈜,정회원,시장,중앙,,127.7404743,34.7408602
영동#2,KR,renewable,1979,200,bio,강원 강릉시 강동면,강원특별자치도,313228000,남동발전㈜,정회원,시장,중앙,,129.0057235,37.7169009
영흥#1,KR,ST,2004,800,bituminous,인천 옹진군 영흥면,인천광역시,1124124000,남동발전㈜,정회원,시장,중앙,,126.4857437,37.238814
영흥#2,KR,ST,2004,800,bituminous,인천 옹진군 영흥면,인천광역시,1124124000,남동발전㈜,정회원,시장,중앙,,126.4857437,37.238814
영흥#3,KR,ST,2008,870,bituminous,인천 옹진군 영흥면,인천광역시,895196000,남동발전㈜,정회원,시장,중앙,,126.4857437,37.238814
영흥#4,KR,ST,2008,870,bituminous,인천 옹진군 영흥면,인천광역시,895196000,남동발전㈜,정회원,시장,중앙,,126.4857437,37.238814
영흥#5,KR,ST,2014,870,bituminous,인천 옹진군 영흥면,인천광역시,1443441000,남동발전㈜,정회원,시장,중앙,,126.4857437,37.238814
영흥#6,KR,ST,2014,870,bituminous,인천 옹진군 영흥면,인천광역시,1443441000,남동발전㈜,정회원,시장,중앙,,126.4857437,37.238814
울산#4,KR,ST,1980,400,heavy oil,울산 남구 남화동,울산광역시,244659000,동서발전㈜,정회원,시장,중앙,,129.3816502,35.4769154
울산#5,KR,ST,1980,400,heavy oil,울산 남구 남화동,울산광역시,244659000,동서발전㈜,정회원,시장,중앙,,129.3816502,35.4769154
울산#6,KR,ST,1981,400,heavy oil,울산 남구 남화동,울산광역시,244659000,동서발전㈜,정회원,시장,중앙,,129.3816502,35.4769154
제주#2,KR,renewable,2000,75,bio,제주 제주시 삼양동,제주특별자치도,1469000000,중부발전㈜,정회원,시장,중앙,,126.5946879,33.5344762
제주#3,KR,renewable,2000,75,bio,제주 제주시 삼양동,제주특별자치도,1469000000,중부발전㈜,정회원,시장,중앙,,126.5946879,33.5344762
태안#1,KR,ST,1995,500,bituminous,충남 태안군 원북면 방갈리,충청남도,1175477000,서부발전㈜,정회원,시장,중앙,,126.23819,36.8263
태안#10,KR,ST,2017,1050,bituminous,충남 태안군 원북면 방갈리,충청남도,1392652000,서부발전㈜,정회원,시장,중앙,,126.23819,36.8263
태안#2,KR,ST,1995,500,bituminous,충남 태안군 원북면 방갈리,충청남도,1175477000,서부발전㈜,정회원,시장,중앙,,126.23819,36.8263
태안#3,KR,ST,1997,500,bituminous,충남 태안군 원북면 방갈리,충청남도,693424000,서부발전㈜,정회원,시장,중앙,,126.23819,36.8263
태안#4,KR,ST,1997,500,bituminous,충남 태안군 원북면 방갈리,충청남도,693424000,서부발전㈜,정회원,시장,중앙,,126.23819,36.8263
태안#5,KR,ST,2001,500,bituminous,충남 태안군 원북면 방갈리,충청남도,820900000,서부발전㈜,정회원,시장,중앙,,126.23819,36.8263
태안#6,KR,ST,2002,500,bituminous,충남 태안군 원북면 방갈리,충청남도,820900000,서부발전㈜,정회원,시장,중앙,,126.23819,36.8263
태안#7,KR,ST,2007,500,bituminous,충남 태안군 원북면 방갈리,충청남도,905729000,서부발전㈜,정회원,시장,중앙,,126.23819,36.8263
태안#8,KR,ST,2007,500,bituminous,충남 태안군 원북면 방갈리,충청남도,905729000,서부발전㈜,정회원,시장,중앙,,126.23819,36.8263
태안#9,KR,ST,2016,1050,bituminous,충남 태안군 원북면 방갈리,충청남도,1392652000,서부발전㈜,정회원,시장,중앙,,126.23819,36.8263
평택#1,KR,ST,1980,350,LNG,경기 평택시 포승면,경기도,185747000,서부발전㈜,정회원,시장,중앙,,126.9297383,36.9867468
평택#2,KR,ST,1980,350,LNG,경기 평택시 포승면,경기도,185747000,서부발전㈜,정회원,시장,중앙,,126.9297383,36.9867468
평택#3,KR,ST,1983,350,LNG,경기 평택시 포승면,경기도,244659000,서부발전㈜,정회원,시장,중앙,,126.9297383,36.9867468
평택#4,KR,ST,1983,350,LNG,경기 평택시 포승면,경기도,244659000,서부발전㈜,정회원,시장,중앙,,126.9297383,36.9867468
하동#1,KR,ST,1997,500,bituminous,경남 하동군 금성면,경상남도,991424000,남부발전㈜,정회원,시장,중앙,,127.79293,34.96354
하동#2,KR,ST,1997,500,bituminous,경남 하동군 금성면,경상남도,991424000,남부발전㈜,정회원,시장,중앙,,127.79293,34.96354
하동#3,KR,ST,1998,500,bituminous,경남 하동군 금성면,경상남도,883069000,남부발전㈜,정회원,시장,중앙,,127.79293,34.96354
하동#4,KR,ST,1999,500,bituminous,경남 하동군 금성면,경상남도,883069000,남부발전㈜,정회원,시장,중앙,,127.79293,34.96354
하동#5,KR,ST,2000,500,bituminous,경남 하동군 금성면,경상남도,994264000,남부발전㈜,정회원,시장,중앙,,127.79293,34.96354
하동#6,KR,ST,2001,500,bituminous,경남 하동군 금성면,경상남도,994264000,남부발전㈜,정회원,시장,중앙,,127.79293,34.96354
하동#7,KR,ST,2008,500,bituminous,경남 하동군 금성면,경상남도,1130857000,남부발전㈜,정회원,시장,중앙,,127.79293,34.96354
하동#8,KR,ST,2009,500,bituminous,경남 하동군 금성면,경상남도,962841000,남부발전㈜,정회원,시장,중앙,,127.79293,34.96354
호남#1,KR,ST,1973,250,bituminous,전남 여수시 월내동,전라남도,83681000,동서발전㈜,정회원,시장,중앙,,127.7281086,34.8481132
호남#2,KR,ST,1973,250,bituminous,전남 여수시 월내동,전라남도,83681000,동서발전㈜,정회원,시장,중앙,,127.7281086,34.8481132
가거도_1,KR,ICE,2004,0.3,diesel,전남 신안군 흑산면 가거도리,전라남도,957880000,한국전력,비회원,시장외,비중앙,,125.1092017,34.0773856
가거도_2,KR,ICE,2009,0.75,diesel,전남 신안군 흑산면 가거도리,전라남도,957880000,한국전력,비회원,시장외,비중앙,,125.1092017,34.0773856
가의도,KR,ICE,1996,0.24,diesel,충남 태안군 근흥면 가의도리,충청남도,1762192500,한국전력,비회원,시장외,비중앙,,126.157995,36.695903
가파도,KR,ICE,1993,0.45,diesel,제주 서귀포시 대정읍 가파리,제주특별자치도,1762192500,한국전력,비회원,시장외,비중앙,,126.27136,33.16974
개야도_1,KR,ICE,1994,0.5,diesel,전북 군산시 옥도면 개야도리,전북특별자치도,1762192500,한국전력,비회원,시장외,비중앙,,126.3756888,35.8512954
개야도_2,KR,ICE,2006,1,diesel,전북 군산시 옥도면 개야도리,전북특별자치도,957880000,한국전력,비회원,시장외,비중앙,,126.3756888,35.8512954
거문도_1,KR,ICE,1989,2,diesel,전남 여수시 삼산면 덕촌리,전라남도,1762192500,한국전력,비회원,시장외,비중앙,,127.30342,34.10847
거문도_2,KR,ICE,1997,0.5,diesel,전남 여수시 삼산면 덕촌리,전라남도,1762192500,한국전력,비회원,시장외,비중앙,,127.30342,34.10847
거문도_3,KR,ICE,2005,2,diesel,전남 여수시 삼산면 덕촌리,전라남도,957880000,한국전력,비회원,시장외,비중앙,,127.30342,34.10847
고대도_1,KR,ICE,1996,0.1,diesel,충남 보령시 오천면,충청남도,1762192500,한국전력,비회원,시장외,비중앙,,126.5233283,36.4371305
고대도_2,KR,ICE,1996,0.3,diesel,충남 보령시 오천면,충청남도,1762192500,한국전력,비회원,시장외,비중앙,,126.5233283,36.4371305
구자도,KR,ICE,2007,0.24,diesel,전남 진도군 의신면,전라남도,957880000,한국전력,비회원,시장외,비중앙,,126.29235,34.41918
낙월도,KR,ICE,1994,0.75,diesel,전남 영광군 낙월면,전라남도,1762192500,한국전력,비회원,시장외,비중앙,,126.0363954,35.3412759
녹도_1,KR,ICE,1996,0.16,diesel,충남 보령시 오천면,충청남도,1762192500,한국전력,비회원,시장외,비중앙,,126.5233283,36.4371305
녹도_2,KR,ICE,2011,0.1,diesel,충남 보령시 오천면,충청남도,957880000,한국전력,비회원,시장외,비중앙,,126.5233283,36.4371305
대청도_1,KR,ICE,1995,0.45,diesel,인천 옹진군 대청면 대청리,인천광역시,1762192500,한국전력,비회원,시장외,비중앙,,124.7056326,37.8081472
대청도_2,KR,ICE,2006,0.5,diesel,인천 옹진군 대청면 대청리,인천광역시,957880000,한국전력,비회원,시장외,비중앙,,124.7056326,37.8081472
대청도_3,KR,ICE,2011,2.6,diesel,인천 옹진군 대청면 대청리,인천광역시,957880000,한국전력,비회원,시장외,비중앙,,124.7056326,37.8081472
덕우도_1,KR,ICE,1996,0.24,diesel,전남 완도군 생일면 봉선리,전라남도,1762192500,한국전력,비회원,시장외,비중앙,,126.97782,34.32112
덕우도_2,KR,ICE,2000,0.15,diesel,전남 완도군 생일면 봉선리,전라남도,1762192500,한국전력,비회원,시장외,비중앙,,126.97782,34.32112
덕적도_1,KR,ICE,1989,0.9,diesel,인천 옹진군 덕적면,인천광역시,1762192500,한국전력,비회원,시장외,비중앙,,126.1155044,37.2317714
덕적도_2,KR,ICE,1997,0.5,diesel,인천 옹진군 덕적면,인천광역시,1762192500,한국전력,비회원,시장외,비중앙,,126.1155044,37.2317714
덕적도_3,KR,ICE,2001,0.5,diesel,인천 옹진군 덕적면,인천광역시,957880000,한국전력,비회원,시장외,비중앙,,126.1155044,37.2317714
덕적도_4,KR,ICE,2005,1,diesel,인천 옹진군 덕적면,인천광역시,957880000,한국전력,비회원,시장외,비중앙,,126.1155044,37.2317714
독거도_1,KR,ICE,2004,0.08,diesel,전남 진도군 조도면,전라남도,957880000,한국전력,비회원,시장외,비중앙,,126.00724,34.30912
독거도_2,KR,ICE,2010,0.08,diesel,전남 진도군 조도면,전라남도,957880000,한국전력,비회원,시장외,비중앙,,126.00724,34.30912
득량도,KR,ICE,1994,0.3,diesel,전남 고흥군 도양읍,전라남도,1762192500,한국전력,비회원,시장외,비중앙,,127.15006,34.53301
마라도_1,KR,ICE,2011,0.3,diesel,제주 서귀포시 대정읍,제주특별자치도,957880000,한국전력,비회원,시장외,비중앙,,126.2840841,33.28837
마라도_2,KR,ICE,2011,0.2,diesel,제주 서귀포시 대정읍,제주특별자치도,957880000,한국전력,비회원,시장외,비중앙,,126.2840841,33.28837
마라도_3,KR,ICE,2013,0.2,diesel,제주 서귀포시 대정읍,제주특별자치도,957880000,한국전력,비회원,시장외,비중앙,,126.2840841,33.28837
매물도,KR,ICE,1994,0.45,diesel,경남 통영시 한산면,경상남도,1762192500,한국전력,비회원,시장외,비중앙,,128.4918,34.76342
문갑도,KR,ICE,2004,0.24,diesel,인천 옹진군 덕적면,인천광역시,957880000,한국전력,비회원,시장외,비중앙,,126.1155044,37.2317714
백령도_1,KR,ICE,1999,4.5,diesel,인천시 옹진군 백령면,인천광역시,1762192500,한국전력,비회원,시장외,비중앙,,124.6798095,37.9486074
백령도_2,KR,ICE,2001,1.5,diesel,인천시 옹진군 백령면,인천광역시,957880000,한국전력,비회원,시장외,비중앙,,124.6798095,37.9486074
백령도_3,KR,ICE,2003,3,diesel,인천시 옹진군 백령면,인천광역시,957880000,한국전력,비회원,시장외,비중앙,,124.6798095,37.9486074
백령도_4,KR,ICE,2013,6,diesel,인천시 옹진군 백령면,인천광역시,957880000,한국전력,비회원,시장외,비중앙,,124.6798095,37.9486074
비안도,KR,ICE,1994,0.45,diesel,전북 군산시 옥도면 비안도리,전북특별자치도,1762192500,한국전력,비회원,시장외,비중앙,,126.3756888,35.8512954
비양도,KR,ICE,1996,0.24,diesel,제주 제주시 한림읍 협재리,제주특별자치도,1762192500,한국전력,비회원,시장외,비중앙,,126.242134,33.3955999
삽시도_1,KR,ICE,1993,1,diesel,충남 보령시 오천면 삽시도리,충청남도,1762192500,한국전력,비회원,시장외,비중앙,,126.5233283,36.4371305
삽시도_2,KR,ICE,2006,0.6,diesel,충남 보령시 오천면 삽시도리,충청남도,957880000,한국전력,비회원,시장외,비중앙,,126.5233283,36.4371305
상화도_1,KR,ICE,2006,0.08,diesel,전남 여수시 화정면,전라남도,957880000,한국전력,비회원,시장외,비중앙,,127.60127,34.61616
상화도_2,KR,ICE,2006,0.08,diesel,전남 여수시 화정면,전라남도,957880000,한국전력,비회원,시장외,비중앙,,127.60127,34.61616
상화도_3,KR,ICE,2008,0.08,diesel,전남 여수시 화정면,전라남도,957880000,한국전력,비회원,시장외,비중앙,,127.60127,34.61616
성남도_1,KR,ICE,2004,0.08,diesel,전남 진도군 조도면,전라남도,957880000,한국전력,비회원,시장외,비중앙,,126.00724,34.30912
성남도_2,KR,ICE,2010,0.08,diesel,전남 진도군 조도면,전라남도,957880000,한국전력,비회원,시장외,비중앙,,126.00724,34.30912
소연평도_1,KR,ICE,2002,0.5,diesel,인천 옹진군 연평면,인천광역시,957880000,한국전력,비회원,시장외,비중앙,,125.7075689,37.6112258
소연평도_2,KR,ICE,2002,0.1,diesel,인천 옹진군 연평면,인천광역시,957880000,한국전력,비회원,시장외,비중앙,,125.7075689,37.6112258
소청도,KR,ICE,1995,2.4,diesel,인천 옹진군 대청면 소청리,인천광역시,1762192500,한국전력,비회원,시장외,비중앙,,124.7056326,37.8081472
손죽도,KR,ICE,1994,0.3,diesel,전남 여수시 삼산면,전라남도,1762192500,한국전력,비회원,시장외,비중앙,,127.30342,34.10847
송이도_1,KR,ICE,1996,0.2,diesel,전남 영광군 낙월면,전라남도,1762192500,한국전력,비회원,시장외,비중앙,,126.0363954,35.3412759
송이도_2,KR,ICE,2011,0.1,diesel,전남 영광군 낙월면,전라남도,957880000,한국전력,비회원,시장외,비중앙,,126.0363954,35.3412759
수우도_1,KR,ICE,1996,0.08,diesel,경남 통영시 사량면,경상남도,1762192500,한국전력,비회원,시장외,비중앙,,128.21199,34.83009
수우도_2,KR,ICE,2008,0.08,diesel,경남 통영시 사량면,경상남도,957880000,한국전력,비회원,시장외,비중앙,,128.21199,34.83009
슬도,KR,ICE,2006,0.24,diesel,전남 진도군 조도면,전라남도,957880000,한국전력,비회원,시장외,비중앙,,126.00724,34.30912
승봉도_1,KR,ICE,1994,0.45,diesel,인천 옹진군 자월면,인천광역시,1762192500,한국전력,비회원,시장외,비중앙,,126.3084438,37.2504608
승봉도_2,KR,ICE,2004,0.5,diesel,인천 옹진군 자월면,인천광역시,957880000,한국전력,비회원,시장외,비중앙,,126.3084438,37.2504608
승봉도_3,KR,ICE,2008,1,diesel,인천 옹진군 자월면,인천광역시,957880000,한국전력,비회원,시장외,비중앙,,126.3084438,37.2504608
시산도,KR,ICE,1994,0.75,diesel,전남 고흥군 도양읍,전라남도,1762192500,한국전력,비회원,시장외,비중앙,,127.15006,34.53301
어룡도,KR,ICE,2006,0.24,diesel,전남 완도군 노화읍,전라남도,957880000,한국전력,비회원,시장외,비중앙,,126.56208,34.2007
어의도_1,KR,ICE,1996,0.08,diesel,경남 통영시 용남면,경상남도,1762192500,한국전력,비회원,시장외,비중앙,,128.45669,34.89348
어의도_2,KR,ICE,1996,0.08,diesel,경남 통영시 용남면,경상남도,1762192500,한국전력,비회원,시장외,비중앙,,128.45669,34.89348
어청도_1,KR,ICE,1994,0.3,diesel,전북 군산시 옥도면 어청도리,전북특별자치도,1762192500,한국전력,비회원,시장외,비중앙,,126.3756888,35.8512954
어청도_2,KR,ICE,2007,0.6,diesel,전북 군산시 옥도면 어청도리,전북특별자치도,957880000,한국전력,비회원,시장외,비중앙,,126.3756888,35.8512954
어청도_3,KR,ICE,2012,0.5,diesel,전북 군산시 옥도면 어청도리,전북특별자치도,957880000,한국전력,비회원,시장외,비중앙,,126.3756888,35.8512954
여서도,KR,ICE,1996,0.24,diesel,전남 완도군 청산면 여서리,전라남도,1762192500,한국전력,비회원,시장외,비중앙,,126.8569056,34.1810289
여자도,KR,ICE,1994,0.45,diesel,전남 여수시 화정면,전라남도,1762192500,한국전력,비회원,시장외,비중앙,,127.60127,34.61616
연도_1,KR,ICE,1996,0.16,diesel,전북 군산시 옥도면 연도리,전북특별자치도,1762192500,한국전력,비회원,시장외,비중앙,,126.3756888,35.8512954
연도_2,KR,ICE,2011,0.1,diesel,전북 군산시 옥도면 연도리,전북특별자치도,957880000,한국전력,비회원,시장외,비중앙,,126.3756888,35.8512954
연평도_1,KR,ICE,2005,2,diesel,인천 옹진군 연평면 연평리,인천광역시,957880000,한국전력,비회원,시장외,비중앙,,125.7075689,37.6112258
연평도_2,KR,ICE,2011,5.7,diesel,인천 옹진군 연평면 연평리,인천광역시,957880000,한국전력,비회원,시장외,비중앙,,125.7075689,37.6112258
영산도,KR,ICE,2015,0.24,diesel,전남 신안군 흑산면,전라남도,957880000,한국전력,비회원,시장외,비중앙,,125.42259,34.69409
왕등도,KR,ICE,2006,0.24,diesel,전북 부안군 위도면,전라남도,957880000,한국전력,비회원,시장외,비중앙,,126.253046,35.6064846
외도_1,KR,ICE,2015,0.16,diesel,충남 태안군 안면읍,충청남도,957880000,한국전력,비회원,시장외,비중앙,,126.3378204,36.4985609
외도_2,KR,ICE,2015,0.06,diesel,충남 태안군 안면읍,충청남도,957880000,한국전력,비회원,시장외,비중앙,,126.3378204,36.4985609
외연도_1,KR,ICE,1994,0.45,diesel,충남 보령시 오천면 외연도리,충청남도,1762192500,한국전력,비회원,시장외,비중앙,,126.5233283,36.4371305
외연도_2,KR,ICE,2004,0.3,diesel,충남 보령시 오천면 외연도리,충청남도,957880000,한국전력,비회원,시장외,비중앙,,126.5233283,36.4371305
울도,KR,ICE,2003,0.24,diesel,인천 옹진군 덕적면,인천광역시,957880000,한국전력,비회원,시장외,비중앙,,126.1155044,37.2317714
울릉도_1,KR,ICE,1986,2,diesel,경북 울릉군 울릉읍 서면,경상북도,1762192500,한국전력,비회원,시장외,비중앙,,130.8985801,37.4913819
울릉도_2,KR,ICE,1996,3,diesel,경북 울릉군 울릉읍 서면,경상북도,1762192500,한국전력,비회원,시장외,비중앙,,130.8985801,37.4913819
울릉도_3,KR,ICE,2002,1.5,diesel,경북 울릉군 울릉읍 서면,경상북도,634665000,한국전력,비회원,시장외,비중앙,,130.8985801,37.4913819
울릉도_4,KR,ICE,2007,6,diesel,경북 울릉군 울릉읍 서면,경상북도,957880000,한국전력,비회원,시장외,비중앙,,130.8985801,37.4913819
울릉도_5,KR,ICE,2011,6,diesel,경북 울릉군 울릉읍 서면,경상북도,957880000,한국전력,비회원,시장외,비중앙,,130.8985801,37.4913819
위도_1,KR,ICE,1993,1.35,diesel,전북 부안군 위도면 진리,전북특별자치도,1762192500,한국전력,비회원,시장외,비중앙,,126.253046,35.6064846
위도_2,KR,ICE,2002,0.5,diesel,전북 부안군 위도면 진리,전북특별자치도,2889720000,한국전력,비회원,시장외,비중앙,,126.253046,35.6064846
위도_3,KR,ICE,2003,1,diesel,전북 부안군 위도면 진리,전북특별자치도,957880000,한국전력,비회원,시장외,비중앙,,126.253046,35.6064846
자월도_1,KR,ICE,1993,0.15,diesel,인천 옹진군 자월면 자월리,인천광역시,1762192500,한국전력,비회원,시장외,비중앙,,126.3084438,37.2504608
자월도_2,KR,ICE,2004,1.5,diesel,인천 옹진군 자월면 자월리,인천광역시,957880000,한국전력,비회원,시장외,비중앙,,126.3084438,37.2504608
장고도,KR,ICE,1996,0.45,diesel,충남 보령시 오천면,충청남도,1762192500,한국전력,비회원,시장외,비중앙,,126.5233283,36.4371305
"제주GT#1,2",KR,ICE,1977,110,diesel,제주 제주시 삼양동,제주특별자치도,1762192500,한국전력,비회원,시장외,비중앙,,126.5946879,33.5344762
제주GT#3,KR,ICE,1977,55,diesel,제주 제주시 삼양동,제주특별자치도,1762192500,중부발전㈜,정회원,시장,중앙,,126.5946879,33.5344762
제주내연#1,KR,ICE,2005,40,heavy oil,제주 제주시 삼양동,제주특별자치도,1574736000,중부발전㈜,정회원,시장,중앙,,126.5946879,33.5344762
제주내연#2,KR,ICE,2009,40,heavy oil,제주 제주시 삼양동,제주특별자치도,2241737000,중부발전㈜,정회원,시장,중앙,,126.5946879,33.5344762
조도_1,KR,ICE,1996,1,diesel,전남 진도군 조도면,전라남도,1762192500,한국전력,비회원,시장외,비중앙,,126.00724,34.30912
조도_2,KR,ICE,2008,1.6,diesel,전남 진도군 조도면,전라남도,957880000,한국전력,비회원,시장외,비중앙,,126.00724,34.30912
조도_3,KR,ICE,2016,0.8,diesel,전남 진도군 조도면,전라남도,957880000,한국전력,비회원,시장외,비중앙,,126.00724,34.30912
초도,KR,ICE,1992,0.75,diesel,전남 여수시 삼산면,전라남도,1762192500,한국전력,비회원,시장외,비중앙,,127.30342,34.10847
추도,KR,ICE,1994,0.24,diesel,경남 통영시 산양읍,경상남도,1762192500,한국전력,비회원,시장외,비중앙,,128.38818,34.78237
추자도_1,KR,ICE,1995,0.5,diesel,제주 제주시 추자면,제주특별자치도,1762192500,한국전력,비회원,시장외,비중앙,,126.3017958,33.953519
추자도_2,KR,ICE,1999,0.5,diesel,제주 제주시 추자면,제주특별자치도,1762192500,한국전력,비회원,시장외,비중앙,,126.3017958,33.953519
추자도_3,KR,ICE,1999,0.5,diesel,제주 제주시 추자면,제주특별자치도,1762192500,한국전력,비회원,시장외,비중앙,,126.3017958,33.953519
추자도_4,KR,ICE,2007,2,diesel,제주 제주시 추자면,제주특별자치도,957880000,한국전력,비회원,시장외,비중앙,,126.3017958,33.953519
추자도_5,KR,ICE,2012,2,diesel,제주 제주시 추자면,제주특별자치도,957880000,한국전력,비회원,시장외,비중앙,,126.3017958,33.953519
평도,KR,ICE,2005,0.24,diesel,전남 여수시 삼산면,전라남도,957880000,한국전력,비회원,시장외,비중앙,,127.30342,34.10847
풍도,KR,ICE,1996,0.45,diesel,경기 안산시 단원구 풍도동,경기도,1762192500,한국전력,비회원,시장외,비중앙,,126.8136458,37.325805
호도,KR,ICE,1997,0.6,diesel,충남 보령시 오천면,충청남도,1762192500,한국전력,비회원,시장외,비중앙,,126.5233283,36.4371305
홍도_1,KR,ICE,1993,0.25,diesel,전남 신안군 흑산면 홍도리,전라남도,1762192500,한국전력,비회원,시장외,비중앙,,125.20342,34.69132
홍도_2,KR,ICE,2004,0.5,diesel,전남 신안군 흑산면 홍도리,전라남도,957880000,한국전력,비회원,시장외,비중앙,,125.20342,34.69132
홍도_3,KR,ICE,2010,1.6,diesel,전남 신안군 흑산면 홍도리,전라남도,957880000,한국전력,비회원,시장외,비중앙,,125.20342,34.69132
화도_1,KR,ICE,2002,0.08,diesel,전남 고흥군 도양읍,전라남도,957880000,한국전력,비회원,시장외,비중앙,,127.15006,34.53301
화도_2,KR,ICE,2007,0.08,diesel,전남 고흥군 도양읍,전라남도,957880000,한국전력,비회원,시장외,비중앙,,127.15006,34.53301
화도_3,KR,ICE,2010,0.08,diesel,전남 고흥군 도양읍,전라남도,957880000,한국전력,비회원,시장외,비중앙,,127.15006,34.53301
흑산도_1,KR,ICE,1994,0.5,diesel,전남 신안군 흑산면,전라남도,1762192500,한국전력,비회원,시장외,비중앙,,125.42259,34.69409
흑산도_2,KR,ICE,1996,1.5,diesel,전남 신안군 흑산면,전라남도,1762192500,한국전력,비회원,시장외,비중앙,,125.42259,34.69409
흑산도_3,KR,ICE,2008,2,diesel,전남 신안군 흑산면,전라남도,957880000,한국전력,비회원,시장외,비중앙,,125.42259,34.69409
광양#1 GT,KR,CC,2006,306.2,LNG,전남 광양시 금호동,전라남도,742418500,SK E&S㈜,정회원,시장,중앙,광양#1,127.7393151,34.9259343
광양#1 ST,KR,CC,2006,188.4,LNG,전남 광양시 금호동,전라남도,742418500,SK E&S㈜,정회원,시장,중앙,광양#1,127.7393151,34.9259343
광양#2 GT,KR,CC,2006,306.2,LNG,전남 광양시 금호동,전라남도,742418500,SK E&S㈜,정회원,시장,중앙,광양#2,127.7393151,34.9259343
광양#2 ST,KR,CC,2006,188.4,LNG,전남 광양시 금호동,전라남도,742418500,SK E&S㈜,정회원,시장,중앙,광양#2,127.7393151,34.9259343
군산 GT,KR,CC,2010,466.6,LNG,전북 군산시 경암동,전북특별자치도,857857500,서부발전㈜,정회원,시장,중앙,군산,126.7282353,35.9811237
군산 ST,KR,CC,2010,251.8,LNG,전북 군산시 경암동,전북특별자치도,857857500,서부발전㈜,정회원,시장,중앙,군산,126.7282353,35.9811237
남제주복합 GT,KR,CC,2020,97.028,LNG,제주 서귀포시 안덕면,제주특별자치도,2628616000,남부발전㈜,정회원,시장,중앙,남제주복합,126.3144371,33.2348963
남제주복합 ST,KR,CC,2020,49.217,LNG,제주 서귀포시 안덕면,제주특별자치도,2628616000,남부발전㈜,정회원,시장,중앙,남제주복합,126.3144371,33.2348963
당진#1 GT,KR,CC,2000,321.92,LNG,충남 당진시 송악읍,충청남도,501292000,GS EPS㈜,준회원,시장,중앙,당진#1,126.7235126,36.8954854
당진#1 ST,KR,CC,2001,178.83,LNG,충남 당진시 송악읍,충청남도,520822000,GS EPS㈜,준회원,시장,중앙,당진#1,126.7235126,36.8954854
당진#2 GT,KR,CC,2008,349,LNG,충남 당진시 송악읍,충청남도,852759000,GS EPS㈜,정회원,시장,중앙,당진#2,126.7235126,36.8954854
당진#2 ST,KR,CC,2008,184,LNG,충남 당진시 송악읍,충청남도,852759000,GS EPS㈜,정회원,시장,중앙,당진#2,126.7235126,36.8954854
당진#3 GT,KR,CC,2013,250,LNG,충남 당진시 송악읍,충청남도,862956000,GS EPS㈜,정회원,시장,중앙,당진#3,126.7235126,36.8954854
당진#3 ST,KR,CC,2013,132,LNG,충남 당진시 송악읍,충청남도,862956000,GS EPS㈜,정회원,시장,중앙,당진#3,126.7235126,36.8954854
당진#4 GT,KR,CC,2017,539.6,LNG,충남 당진시 송악읍,충청남도,815603000,GS EPS㈜,정회원,시장,중앙,당진#4,126.7235126,36.8954854
당진#4 ST,KR,CC,2017,306.4,LNG,충남 당진시 송악읍,충청남도,815603000,GS EPS㈜,정회원,시장,중앙,당진#4,126.7235126,36.8954854
대산 GT,KR,CC,1997,374.8,LNG,충남 서산시 대산읍,충청남도,471887000,씨지앤대산전력㈜,정회원,시장,중앙,대산,126.40906,36.9611
대산 ST,KR,CC,1998,91,LNG,충남 서산시 대산읍,충청남도,471887000,씨지앤대산전력㈜,정회원,시장,중앙,대산,126.40906,36.9611
동두천#1 GT,KR,CC,2015,572.6,LNG,경기 동두천시 지형동,경기도,869565000,동두천드림파워㈜,정회원,시장,중앙,동두천#1,127.1358833,37.9004833
동두천#1 ST,KR,CC,2015,285.8,LNG,경기 동두천시 지형동,경기도,869565000,동두천드림파워㈜,정회원,시장,중앙,동두천#1,127.1358833,37.9004833
동두천#2 GT,KR,CC,2015,572.6,LNG,경기 동두천시 지형동,경기도,869565000,동두천드림파워㈜,정회원,시장,중앙,동두천#2,127.1358833,37.9004833
동두천#2 ST,KR,CC,2015,285.8,LNG,경기 동두천시 지형동,경기도,869565000,동두천드림파워㈜,정회원,시장,중앙,동두천#2,127.1358833,37.9004833
보령#1~3 GT,KR,CC,1997,900,LNG,충남 보령시 오천면,충청남도,471887000,중부발전㈜,정회원,시장,중앙,보령#1~3,126.5233283,36.4371305
보령#1~3 ST,KR,CC,2002,450,LNG,충남 보령시 오천면,충청남도,520822000,중부발전㈜,정회원,시장,중앙,보령#1~3,126.5233283,36.4371305
부산#1 GT,KR,CC,2003,300,LNG,부산 사하구 감천동,부산광역시,539551000,남부발전㈜,정회원,시장,중앙,부산#1,129.0000123,35.087114
부산#1 ST,KR,CC,2003,150,LNG,부산 사하구 감천동,부산광역시,539551000,남부발전㈜,정회원,시장,중앙,부산#1,129.0000123,35.087114
부산#2 GT,KR,CC,2003,300,LNG,부산 사하구 감천동,부산광역시,539551000,남부발전㈜,정회원,시장,중앙,부산#2,129.0000123,35.087114
부산#2 ST,KR,CC,2003,150,LNG,부산 사하구 감천동,부산광역시,539551000,남부발전㈜,정회원,시장,중앙,부산#2,129.0000123,35.087114
부산#3 GT,KR,CC,2004,300,LNG,부산 사하구 감천동,부산광역시,539551000,남부발전㈜,정회원,시장,중앙,부산#3,129.0000123,35.087114
부산#3 ST,KR,CC,2004,150,LNG,부산 사하구 감천동,부산광역시,539551000,남부발전㈜,정회원,시장,중앙,부산#3,129.0000123,35.087114
부산#4 GT,KR,CC,2004,300,LNG,부산 사하구 감천동,부산광역시,539551000,남부발전㈜,정회원,시장,중앙,부산#4,129.0000123,35.087114
부산#4 ST,KR,CC,2004,150,LNG,부산 사하구 감천동,부산광역시,539551000,남부발전㈜,정회원,시장,중앙,부산#4,129.0000123,35.087114
부산정관에너지 GT,KR,CC,2017,26.65,LNG,부산 기장군 정관읍,부산광역시,903632000,부산정관에너지,정회원,시장,중앙,부산정관에너지,129.1779629,35.3149669
부산정관에너지 ST,KR,CC,2017,19.186,LNG,부산 기장군 정관읍,부산광역시,903632000,부산정관에너지,정회원,시장,중앙,부산정관에너지,129.1779629,35.3149669
분당#1 GT_1,KR,CC,1992,155.516,LNG,경기 성남시 분당동,경기도,541315000,남동발전㈜,정회원,시장,중앙,분당#1,127.1310871,37.3701022
분당#1 GT_2,KR,CC,1992,233.274,LNG,경기 성남시 분당동,경기도,541315000,남동발전㈜,정회원,시장,중앙,분당#1,127.1310871,37.3701022
분당#1 ST,KR,CC,1993,185,LNG,경기 성남시 분당동,경기도,541315000,남동발전㈜,정회원,시장,중앙,분당#1,127.1310871,37.3701022
분당#2 GT,KR,CC,1995,233.274,LNG,경기 성남시 분당동,경기도,501292000,남동발전㈜,정회원,시장,중앙,분당#2,127.1310871,37.3701022
분당#2 ST,KR,CC,1997,115,LNG,경기 성남시 분당동,경기도,501292000,남동발전㈜,정회원,시장,중앙,분당#2,127.1310871,37.3701022
서울복합#1 GT,KR,CC,2019,241.298,LNG,서울 마포구 토정로,서울특별시,1846548000,중부발전㈜,정회원,시장,중앙,서울복합#1,126.9254518,37.54483
서울복합#1 ST,KR,CC,2019,127.875,LNG,서울 마포구 토정로,서울특별시,1846548000,중부발전㈜,정회원,시장,중앙,서울복합#1,126.9254518,37.54483
서울복합#2 GT,KR,CC,2018,241.298,LNG,서울 마포구 토정로,서울특별시,1846548000,중부발전㈜,정회원,시장,중앙,서울복합#2,126.9254518,37.54483
서울복합#2 ST,KR,CC,2018,127.875,LNG,서울 마포구 토정로,서울특별시,1846548000,중부발전㈜,정회원,시장,중앙,서울복합#2,126.9254518,37.54483
서인천 #5~8 GT_1,KR,CC,1992,300,LNG,인천 서구 경서동,인천광역시,407836000,서부발전㈜,정회원,시장,중앙,서인천 #5~8,126.64846,37.55468
서인천 #5~8 GT_2,KR,CC,1992,300,LNG,인천 서구 경서동,인천광역시,407836000,서부발전㈜,정회원,시장,중앙,서인천 #5~8,126.64846,37.55468
서인천 #5~8 ST_1,KR,CC,1992,150,LNG,인천 서구 경서동,인천광역시,407836000,서부발전㈜,정회원,시장,중앙,서인천 #5~8,126.64846,37.55468
서인천 #5~8 ST_2,KR,CC,1992,150,LNG,인천 서구 경서동,인천광역시,407836000,서부발전㈜,정회원,시장,중앙,서인천 #5~8,126.64846,37.55468
서인천#1~4 GT_1,KR,CC,1992,150,LNG,인천 서구 경서동,인천광역시,407836000,서부발전㈜,정회원,시장,중앙,서인천#1~4,126.64846,37.55468
서인천#1~4 GT_2,KR,CC,1992,150,LNG,인천 서구 경서동,인천광역시,407836000,서부발전㈜,정회원,시장,중앙,서인천#1~4,126.64846,37.55468
서인천#1~4 GT_3,KR,CC,1992,300,LNG,인천 서구 경서동,인천광역시,407836000,서부발전㈜,정회원,시장,중앙,서인천#1~4,126.64846,37.55468
서인천#1~4 ST_1,KR,CC,1992,150,LNG,인천 서구 경서동,인천광역시,407836000,서부발전㈜,정회원,시장,중앙,서인천#1~4,126.64846,37.55468
서인천#1~4 ST_2,KR,CC,1992,150,LNG,인천 서구 경서동,인천광역시,407836000,서부발전㈜,정회원,시장,중앙,서인천#1~4,126.64846,37.55468
"신인천#1,2 GT",KR,CC,1996,600,LNG,인천 서구 경서동,인천광역시,357117000,남부발전㈜,정회원,시장,중앙,"신인천#1,2",126.64846,37.55468
"신인천#1,2 ST",KR,CC,1997,300,LNG,인천 서구 경서동,인천광역시,357117000,남부발전㈜,정회원,시장,중앙,"신인천#1,2",126.64846,37.55468
"신인천#3,4 GT",KR,CC,1996,600,LNG,인천 서구 경서동,인천광역시,357117000,남부발전㈜,정회원,시장,중앙,"신인천#3,4",126.64846,37.55468
"신인천#3,4 ST",KR,CC,1997,300,LNG,인천 서구 경서동,인천광역시,357117000,남부발전㈜,정회원,시장,중앙,"신인천#3,4",126.64846,37.55468
신평택 GT,KR,CC,2019,580.4,LNG,경기 평택시 포승읍,경기도,993338000,신평택발전㈜,정회원,시장,중앙,신평택,126.8718932,36.9498775
신평택 ST,KR,CC,2019,282.9,LNG,경기 평택시 포승읍,경기도,993338000,신평택발전㈜,정회원,시장,중앙,신평택,126.8718932,36.9498775
안동 GT,KR,CC,2014,234.5,LNG,경북 안동시 풍산읍,경상북도,868063000,남부발전㈜,정회원,시장,중앙,안동,128.58616,36.58872
안동 ST,KR,CC,2014,127.1,LNG,경북 안동시 풍산읍,경상북도,868063000,남부발전㈜,정회원,시장,중앙,안동,128.58616,36.58872
안산 GT,KR,CC,2014,485.8,LNG,경기 안산시 단원구,경기도,903632000,㈜에스파워,정회원,시장,중앙,안산,126.8136458,37.325805
안산 ST,KR,CC,2014,265.4,LNG,경기 안산시 단원구,경기도,903632000,㈜에스파워,정회원,시장,중앙,안산,126.8136458,37.325805
여주복합 GT#1,KR,CC,2023,336.022,LNG,경기 여주시 북내면,경기도,972673000,여주에너지서비스㈜,정회원,시장,중앙,여주복합,127.68062,37.34701
여주복합 GT#2,KR,CC,2023,336.022,LNG,경기 여주시 북내면,경기도,972673000,여주에너지서비스㈜,정회원,시장,중앙,여주복합,127.68062,37.34701
여주복합 ST,KR,CC,2023,353.356,LNG,경기 여주시 북내면,경기도,972673000,여주에너지서비스㈜,정회원,시장,중앙,여주복합,127.68062,37.34701
영남파워 GT,KR,CC,2017,292,LNG,울산 남구 장생포로,울산광역시,819776000,코스포영남파워㈜,정회원,시장,중앙,영남파워,129.3537746,35.515661
영남파워 ST,KR,CC,2017,150.8,LNG,울산 남구 장생포로,울산광역시,819776000,코스포영남파워㈜,정회원,시장,중앙,영남파워,129.3537746,35.515661
영월 GT,KR,CC,2010,549,LNG,강원 영월군 영월읍,강원특별자치도,726295000,남부발전㈜,정회원,시장,중앙,영월,128.4675957,37.1846052
영월 ST,KR,CC,2010,299,LNG,강원 영월군 영월읍,강원특별자치도,726295000,남부발전㈜,정회원,시장,중앙,영월,128.4675957,37.1846052
오성 GT,KR,CC,2013,497.04,LNG,경기 평택시 오성면,경기도,676096000,평택에너지서비스㈜,정회원,시장,중앙,오성,126.9800776,37.0076954
오성 ST,KR,CC,2013,272.79,LNG,경기 평택시 오성면,경기도,676096000,평택에너지서비스㈜,정회원,시장,중앙,오성,126.9800776,37.0076954
울산#1 GT,KR,CC,1995,200,LNG,울산 남구 남화동,울산광역시,267439000,동서발전㈜,정회원,시장,중앙,울산#1,129.3816502,35.4769154
울산#1 ST,KR,CC,1979,100,LNG,울산 남구 남화동,울산광역시,129900000,동서발전㈜,정회원,시장,중앙,울산#1,129.3816502,35.4769154
울산#2 GT,KR,CC,1996,300,LNG,울산 남구 남화동,울산광역시,358601000,동서발전㈜,정회원,시장,중앙,울산#2,129.3816502,35.4769154
울산#2 ST,KR,CC,1997,150,LNG,울산 남구 남화동,울산광역시,358601000,동서발전㈜,정회원,시장,중앙,울산#2,129.3816502,35.4769154
울산#3 GT,KR,CC,1996,300,LNG,울산 남구 남화동,울산광역시,358601000,동서발전㈜,정회원,시장,중앙,울산#3,129.3816502,35.4769154
울산#3 ST,KR,CC,1997,150,LNG,울산 남구 남화동,울산광역시,358601000,동서발전㈜,정회원,시장,중앙,울산#3,129.3816502,35.4769154
울산#4 GT,KR,CC,2013,573.2,LNG,울산 남구 남화동,울산광역시,868063000,동서발전㈜,정회원,시장,중앙,울산#4,129.3816502,35.4769154
울산#4 ST,KR,CC,2014,298.7,LNG,울산 남구 남화동,울산광역시,868063000,동서발전㈜,정회원,시장,중앙,울산#4,129.3816502,35.4769154
율촌#1 GT,KR,CC,2004,327.6,LNG,전남 순천시 해룡면,전라남도,687397000,씨지앤율촌전력㈜,준회원,시장,중앙,율촌#1,127.5374815,34.9136963
율촌#1 ST,KR,CC,2005,197.9,LNG,전남 순천시 해룡면,전라남도,687397000,씨지앤율촌전력㈜,준회원,시장,중앙,율촌#1,127.5374815,34.9136963
율촌#2 GT,KR,CC,2013,571.6,LNG,전남 순천시 해룡면,전라남도,1041426000,씨지앤율촌전력㈜,정회원,시장,중앙,율촌#2,127.5374815,34.9136963
율촌#2 ST,KR,CC,2014,292.6,LNG,전남 순천시 해룡면,전라남도,1041426000,씨지앤율촌전력㈜,정회원,시장,중앙,율촌#2,127.5374815,34.9136963
인천#1 GT,KR,CC,2005,321.458,LNG,인천 서구 원창동,인천광역시,548838000,중부발전㈜,정회원,시장,중앙,인천#1,126.6298571,37.513522
인천#1 ST,KR,CC,2005,182.081,LNG,인천 서구 원창동,인천광역시,548838000,중부발전㈜,정회원,시장,중앙,인천#1,126.6298571,37.513522
인천#2 GT,KR,CC,2009,327.958,LNG,인천 서구 원창동,인천광역시,758542000,중부발전㈜,정회원,시장,중앙,인천#2,126.6298571,37.513522
인천#2 ST,KR,CC,2009,180.95,LNG,인천 서구 원창동,인천광역시,758542000,중부발전㈜,정회원,시장,중앙,인천#2,126.6298571,37.513522
인천#3 GT,KR,CC,2012,300,LNG,인천 서구 원창동,인천광역시,857857500,중부발전㈜,정회원,시장,중앙,인천#3,126.6298571,37.513522
인천#3 ST,KR,CC,2012,150,LNG,인천 서구 원창동,인천광역시,857857500,중부발전㈜,정회원,시장,중앙,인천#3,126.6298571,37.513522
일산#1 GT_1,KR,CC,1993,200,LNG,경기 고양시 백석동,경기도,471887000,동서발전㈜,정회원,시장,중앙,일산#1,126.7912847,37.6406021
일산#1 GT_2,KR,CC,1993,200,LNG,경기 고양시 백석동,경기도,471887000,동서발전㈜,정회원,시장,중앙,일산#1,126.7912847,37.6406021
일산#1 ST,KR,CC,1993,200,LNG,경기 고양시 백석동,경기도,471887000,동서발전㈜,정회원,시장,중앙,일산#1,126.7912847,37.6406021
일산#2 GT,KR,CC,1995,200,LNG,경기 고양시 백석동,경기도,456296000,동서발전㈜,정회원,시장,중앙,일산#2,126.7912847,37.6406021
일산#2 ST,KR,CC,1996,100,LNG,경기 고양시 백석동,경기도,456296000,동서발전㈜,정회원,시장,중앙,일산#2,126.7912847,37.6406021
제주복합#1 GT,KR,CC,2017,71.893,oil,제주 제주시 원당로,제주특별자치도,1477673000,중부발전㈜,정회원,시장,중앙,제주복합#1,126.594472,33.5305192
제주복합#1 ST,KR,CC,2017,42.474,oil,제주 제주시 원당로,제주특별자치도,1477673000,중부발전㈜,정회원,시장,중앙,제주복합#1,126.594472,33.5305192
제주복합#2 GT,KR,CC,2017,58.947,LNG,제주 제주시 원당로,제주특별자치도,1803260000,중부발전㈜,정회원,시장,중앙,제주복합#2,126.594472,33.5305192
제주복합#2 ST,KR,CC,2017,34.776,LNG,제주 제주시 원당로,제주특별자치도,1803260000,중부발전㈜,정회원,시장,중앙,제주복합#2,126.594472,33.5305192
파주문산#1 GT,KR,CC,2017,551,LNG,경기 파주시 파주읍,경기도,984552000,파주에너지서비스㈜,정회원,시장,중앙,파주문산#1,126.819981,37.8306704
파주문산#1 ST,KR,CC,2017,296.6,LNG,경기 파주시 파주읍,경기도,984552000,파주에너지서비스㈜,정회원,시장,중앙,파주문산#1,126.819981,37.8306704
파주문산#2 GT,KR,CC,2017,551,LNG,경기 파주시 파주읍,경기도,984552000,파주에너지서비스㈜,정회원,시장,중앙,파주문산#2,126.819981,37.8306704
파주문산#2 ST,KR,CC,2017,296.6,LNG,경기 파주시 파주읍,경기도,984552000,파주에너지서비스㈜,정회원,시장,중앙,파주문산#2,126.819981,37.8306704
평택#2 GT,KR,CC,2013,572.6,LNG,경기 평택시 포승면,경기도,1003708000,서부발전㈜,정회원,시장,중앙,평택#2,126.9297383,36.9867468
평택#2 ST,KR,CC,2014,295.9,LNG,경기 평택시 포승면,경기도,1003708000,서부발전㈜,정회원,시장,중앙,평택#2,126.9297383,36.9867468
포스코#3 GT,KR,CC,1996,300,LNG,인천 서구 원창동,인천광역시,471887000,포스코에너지㈜,정회원,시장,중앙,포스코#3,126.6298571,37.513522
포스코#3 ST,KR,CC,1999,150,LNG,인천 서구 원창동,인천광역시,471887000,포스코에너지㈜,정회원,시장,중앙,포스코#3,126.6298571,37.513522
포스코#4 GT,KR,CC,1997,300,LNG,인천 서구 원창동,인천광역시,471887000,포스코에너지㈜,정회원,시장,중앙,포스코#4,126.6298571,37.513522
포스코#4 ST,KR,CC,2001,150,LNG,인천 서구 원창동,인천광역시,520822000,포스코에너지㈜,정회원,시장,중앙,포스코#4,126.6298571,37.513522
포스코#5 GT,KR,CC,2011,366.4,LNG,인천 서구 원창동,인천광역시,862956000,포스코에너지㈜,정회원,시장,중앙,포스코#5,126.6298571,37.513522
포스코#5 ST,KR,CC,2011,208.2,LNG,인천 서구 원창동,인천광역시,862956000,포스코에너지㈜,정회원,시장,중앙,포스코#5,126.6298571,37.513522
포스코#6 GT,KR,CC,2011,366.4,LNG,인천 서구 원창동,인천광역시,862956000,포스코에너지㈜,정회원,시장,중앙,포스코#6,126.6298571,37.513522
포스코#6 ST,KR,CC,2011,208.2,LNG,인천 서구 원창동,인천광역시,862956000,포스코에너지㈜,정회원,시장,중앙,포스코#6,126.6298571,37.513522
포스코#7 GT,KR,CC,2014,242.7,LNG,인천 서구 원창동,인천광역시,851970000,포스코에너지㈜,정회원,시장,중앙,포스코#7,126.6298571,37.513522
포스코#7 ST,KR,CC,2014,132.9,LNG,인천 서구 원창동,인천광역시,851970000,포스코에너지㈜,정회원,시장,중앙,포스코#7,126.6298571,37.513522
포스코#8 GT,KR,CC,2014,242.7,LNG,인천 서구 원창동,인천광역시,851970000,포스코에너지㈜,정회원,시장,중앙,포스코#8,126.6298571,37.513522
포스코#8 ST,KR,CC,2014,132.9,LNG,인천 서구 원창동,인천광역시,851970000,포스코에너지㈜,정회원,시장,중앙,포스코#8,126.6298571,37.513522
포스코#9 GT,KR,CC,2015,242.7,LNG,인천 서구 원창동,인천광역시,851970000,포스코에너지㈜,정회원,시장,중앙,포스코#9,126.6298571,37.513522
포스코#9 ST,KR,CC,2015,132.9,LNG,인천 서구 원창동,인천광역시,851970000,포스코에너지㈜,정회원,시장,중앙,포스코#9,126.6298571,37.513522
포천#1 GT,KR,CC,2014,481,LNG,경기 포천시 창수면,경기도,852759000,포천파워㈜,정회원,시장,중앙,포천#1,127.17557,38.02025
포천#1 ST,KR,CC,2014,244,LNG,경기 포천시 창수면,경기도,852759000,포천파워㈜,정회원,시장,중앙,포천#1,127.17557,38.02025
포천#2 GT,KR,CC,2014,481,LNG,경기 포천시 창수면,경기도,852759000,포천파워㈜,정회원,시장,중앙,포천#2,127.17557,38.02025
포천#2 ST,KR,CC,2014,244,LNG,경기 포천시 창수면,경기도,852759000,포천파워㈜,정회원,시장,중앙,포천#2,127.17557,38.02025
포천천연 GT,KR,CC,2017,575.4,LNG,경기 포천시 신북면,경기도,869565000,포천민자발전㈜,정회원,시장,중앙,포천천연,127.2044688,37.8936154
포천천연 ST,KR,CC,2017,298.8,LNG,경기 포천시 신북면,경기도,869565000,포천민자발전㈜,정회원,시장,중앙,포천천연,127.2044688,37.8936154
한림 GT_1,KR,CC,1995,35,LNG,제주 제주시 한림읍,제주특별자치도,520822000,남부발전㈜,정회원,시장,중앙,한림,126.279219,33.4430951
한림 GT_2,KR,CC,1996,35,LNG,제주 제주시 한림읍,제주특별자치도,1004863000,남부발전㈜,정회원,시장,중앙,한림,126.279219,33.4430951
한림 ST,KR,CC,1997,35,LNG,제주 제주시 한림읍,제주특별자치도,1004863000,남부발전㈜,정회원,시장,중앙,한림,126.279219,33.4430951
KC하이드로,KR,hydro,2013,0.4,hydro,제주 제주시 한경면,제주특별자치도,5043244500,KC하이드로㈜,정회원,시장,비중앙,,126.2491219,33.3057038
가북,KR,hydro,2014,0.65,hydro,경남 거창군 가북면,경상남도,5213156000,농어촌공사,정회원,시장,비중앙,,128.00497,35.78884
강릉_1,KR,hydro,1990,41,hydro,강원 강릉시 성산면(남한강지류 송천 도암호),강원특별자치도,1531707000,한수원,정회원,시장,중앙,,128.8303759,37.7167435
강릉_2,KR,hydro,1991,41,hydro,강원 강릉시 성산면(남한강지류 송천 도암호),강원특별자치도,1531707000,한수원,정회원,시장,중앙,,128.8303759,37.7167435
강림,KR,hydro,1978,0.45,hydro,강원 평창군 도암면(남한강지류 주천강),강원특별자치도,138831500,한수원,정회원,시장,비중앙,,128.3893077,37.3695416
강정고령보,KR,hydro,2011,3,hydro,대구 달성군 다사읍,대구광역시,5043244500,수자원공사,정회원,시장,비중앙,,128.4432857,35.870257
강천보,KR,hydro,2011,4.95,hydro,경기 여주군 여주읍,경기도,5043244500,수자원공사,정회원,시장,비중앙,,127.5902386,37.3760922
개취보,KR,hydro,2013,0.42,hydro,경남 산청군 금서면,경상남도,5043244500,산청군,정회원,시장,비중앙,,127.814,35.42213
경천#1,KR,hydro,1995,0.8,hydro,경북 문경시 동로면,경상북도,1021429000,농어촌공사,정회원,시장,비중앙,,128.30656,36.75678
경천#2,KR,hydro,2010,2.1,hydro,경북 문경시 동로면,경상북도,5043244500,경천,정회원,시장,비중앙,,128.30656,36.75678
경천지구,KR,hydro,2008,0.44,hydro,전북 완주군 경천면,전북특별자치도,5043244500,농어촌공사,정회원,시장,비중앙,,127.2677087,36.0417141
고문,KR,hydro,2007,1.5,hydro,경기 연천군 연천읍,경기도,5043244500,신에너지㈜,정회원,시장,비중앙,,127.0737492,38.0983014
고산,KR,hydro,2009,0.56,hydro,대구 수성구 노변동,대구광역시,5043244500,수자원공사,정회원,시장,비중앙,,128.7043965,35.8287128
고수,KR,hydro,2018,0.099,hydro,전북 고창군 고창읍,전북특별자치도,5929780000,농어촌공사,정회원,시장,비중앙,,126.6951605,35.441401
공주보,KR,hydro,2011,3,hydro,충남 공주시 우성면,충청남도,5043244500,수자원공사,정회원,시장,비중앙,,127.0506238,36.4695832
광주호,KR,hydro,2013,0.24,hydro,전남 담양군 고서면,전라남도,5043244500,농어촌공사,정회원,시장,비중앙,,127.0047134,35.1878169
광천,KR,hydro,1992,0.45,hydro,전남 순천시 주암면,전라남도,1531707000,수자원공사,정회원,시장,비중앙,,127.25237,35.07374
괴산,KR,hydro,1957,2.6,hydro,충북 괴산군 칠성면(남한강수계 남한강 칠성호),충청북도,588077000,한수원,정회원,시장,비중앙,,127.8733718,36.7647683
구만,KR,hydro,2014,0.17,hydro,전남 구례군 광의면,전라남도,5213156000,농어촌공사,정회원,시장,비중앙,,127.466773,35.2637943
구미보,KR,hydro,2011,3,hydro,경북 구미시 해평면,경상북도,5043244500,수자원공사,정회원,시장,비중앙,,128.38839,36.2148
군위댐,KR,hydro,2010,0.5,hydro,경북 군위군 고로면,경상북도,5043244500,수자원공사,정회원,시장,비중앙,,128.7305579,36.1703304
궁평,KR,hydro,2012,0.18,hydro,충남 아산시 송악면,충청남도,5043244500,-,비회원,시장외,비중앙,,127.0097967,36.7305737
극동,KR,hydro,2011,1.5,hydro,전북 정읍시 산외면,전북특별자치도,5043244500,극동hydro,정회원,시장,비중앙,,127.05879,35.62585
극동제2,KR,hydro,2013,0.75,hydro,전북 정읍시 산외면,전북특별자치도,5043244500,(유)극동제2hydro발전소,정회원,시장,비중앙,,127.05879,35.62585
금강,KR,hydro,1988,1.35,hydro,충북 옥천군 동이면,충청북도,1531707000,㈜크린에너지,정회원,시장,비중앙,,127.6427668,36.2982764
금계,KR,hydro,2014,0.28,hydro,경북 영주시 풍기읍,경상북도,5213156000,농어촌공사,비회원,시장외,비중앙,,128.50935,36.89142
낙단보,KR,hydro,2012,3,hydro,경북 의성군 단밀면,경상북도,5043244500,수자원공사,정회원,시장,비중앙,,128.36093,36.37017
낙덕,KR,hydro,2014,0.06,hydro,전북 순창군 복흥면,전북특별자치도,5213156000,농어촌공사,비회원,시장외,비중앙,,126.93769,35.44264
남강,KR,hydro,1998,18,hydro,경남 진주시 판문동(낙동강수계 남강 진양호),경상남도,1531707000,수자원공사,정회원,시장,비중앙,,128.0397116,35.1806841
남강#2,KR,hydro,2019,9,hydro,경남 진주시 내동면,경상남도,6457925000,수자원공사,정회원,시장,비중앙,,128.0447495,35.140108
노량진,KR,hydro,2013,0.3,hydro,서울 동작구 노량진동,서울특별시,5043244500,서울시상하수도,비회원,시장외,비중앙,,126.9408459,37.511262
농어촌공사,KR,hydro,2010,0.49,hydro,충남 보령시 죽정동,충청남도,5043244500,농어촌공사,비회원,시장외,비중앙,,126.6101836,36.3677438
단양수중보,KR,hydro,2019,2.4,hydro,충북 단양군 단성면,충청북도,6457925000,수자원공사,정회원,시장,비중앙,,128.3236696,36.9369817
달방,KR,hydro,2007,0.17,hydro,강원 동해시 이로동,강원특별자치도,5043244500,수자원공사,정회원,시장,비중앙,,129.04922,37.49938
달성보,KR,hydro,2012,2.856,hydro,경북 고령군 개진면,경상북도,5043244500,수자원공사,정회원,시장,비중앙,,128.36346,35.71299
담양,KR,hydro,2007,1.274,hydro,전남 담양군 금성면,전라남도,5043244500,농어촌공사,정회원,시장,비중앙,,127.03436,35.34402
당진화력#1,KR,hydro,2010,4.998,hydro,충남 당진시 석문면,충청남도,5043244500,동서발전,정회원,시장,비중앙,,126.53523,37.00826
당진화력2소수력,KR,hydro,2014,3.2,hydro,충남 당진시 석문면,충청남도,5213156000,동서발전,정회원,시장,비중앙,,126.53523,37.00826
대곡,KR,hydro,2005,0.3,hydro,울산 울주군 두동면,울산광역시,4078734000,수자원공사,정회원,시장,비중앙,,129.201931,35.710692
대아,KR,hydro,1993,3,hydro,전남 순천시 주안면,전북특별자치도,1251768000,농어촌공사,정회원,시장,비중앙,,127.4819791,34.971759
대청_1,KR,hydro,1980,45,hydro,충북 청주시 상당구,충청북도,548365000,수자원공사,정회원,시장,중앙,,127.509537,36.5995996
대청_2,KR,hydro,1980,45,hydro,충북 청주시 상당구,충청북도,548365000,수자원공사,정회원,시장,중앙,,127.509537,36.5995996
대청댐#1,KR,hydro,2008,0.8,hydro,충북 청주시 서원구,충청북도,5043244500,수자원공사,정회원,시장,비중앙,,127.4741982,36.6291499
대청댐2,KR,hydro,2017,0.9,hydro,충북 청주시 상당구,충청북도,4873333000,수자원공사,정회원,시장,비중앙,,127.509537,36.5995996
덕남정수장,KR,hydro,2014,0.27,hydro,광주 남구 덕남1길,광주광역시,5213156000,GS 파워㈜,정회원,시장,비중앙,,126.8956267,35.095545
동상,KR,hydro,2012,0.59,hydro,전북 완주군 동상면,전북특별자치도,5043244500,농어촌공사,정회원,시장,비중앙,,127.3020812,35.9333531
동화댐,KR,hydro,2005,1,hydro,전북 장수군 번안면,전북특별자치도,4078734000,농어촌공사,정회원,시장,비중앙,,127.5165461,35.6469364
동화정수장,KR,hydro,2015,0.12,hydro,전북 장수군 번암면,전북특별자치도,7441442000,수자원공사,정회원,시장,비중앙,,127.53385,35.54517
맹동,KR,hydro,2016,0.36,hydro,충북 음성군 맹동면,충청북도,5571468000,한국농어촌공사,정회원,시장,비중앙,,127.5566228,36.9227101
무주소수력,KR,hydro,2003,0.4,hydro,전북 무주군 적상면,전북특별자치도,971829000,한수원,정회원,시장,비중앙,,127.6671,35.93518
물야,KR,hydro,2011,0.41,hydro,경북 봉화군 물야면,경상북도,5043244500,-,비회원,시장외,비중앙,,128.72813,36.96638
밀양,KR,hydro,2001,1.3,hydro,경남 밀양시 산외면,경상남도,4041328000,수자원공사,정회원,시장,비중앙,,128.81486,35.51832
반변,KR,hydro,1996,1.06,hydro,경북 안동시 임하면,경상북도,1021429000,수자원공사,정회원,시장,비중앙,,128.84811,36.51276
방우리,KR,hydro,1987,2.12,hydro,충남 금산군 부리면,충청남도,1531707000,㈜청풍에너지,정회원,시장,비중앙,,127.5771094,36.0587048
백곡,KR,hydro,2007,0.43,hydro,충북 진천군 진천읍,충청북도,5043244500,농어촌공사,정회원,시장,비중앙,,127.4453726,36.8562989
백운제#1,KR,hydro,2014,0.16,hydro,전남 광양시 지실길,전라남도,5213156000,농어촌공사,정회원,시장,비중앙,,127.6018931,34.9632334
백제보,KR,hydro,2011,2.64,hydro,충남 부여군 부여읍,충청남도,5043244500,수자원공사,정회원,시장,비중앙,,126.9026617,36.2753649
보령_1,KR,hydro,1997,0.145,hydro,충남 보령시 미산면,충청남도,1276568000,수자원공사,정회원,시장,비중앙,,126.6802167,36.2439271
보령_2,KR,hydro,1999,0.556,hydro,충남 보령시 미산면,충청남도,1531707000,수자원공사,정회원,시장,비중앙,,126.6802167,36.2439271
보령화력#1,KR,hydro,2009,5,hydro,충남 보령시 오천면,충청남도,5043244500,중부발전,정회원,시장,비중앙,,126.5233283,36.4371305
보령화력#2,KR,hydro,2008,2.5,hydro,충남 보령군 오천면 오포,충청남도,5043244500,중부발전,정회원,시장,비중앙,,126.5233283,36.4371305
보성,KR,hydro,2009,1.1,hydro,전남 보성군 득량면,전라남도,5043244500,대한hydro발전(주),정회원,시장,비중앙,,127.16651,34.75252
보성강,KR,hydro,1990,4.5,hydro,전남 보성군 득량면,전라남도,854667000,한수원,정회원,시장,비중앙,,127.16651,34.75252
보청,KR,hydro,2016,0.35,hydro,충북 보은군 수한면,충청북도,5571468000,희도전력㈜,정회원,시장,비중앙,,127.67361,36.4630289
보현산댐,KR,hydro,2017,0.17,hydro,경북 영천시 화북면,경상북도,10177202000,수자원공사,정회원,시장,비중앙,,128.93835,36.13107
봉화,KR,hydro,1988,2.1,hydro,경북 봉화군 명호면,충청북도,1531707000,㈜크린에너지,정회원,시장,비중앙,,128.88475,36.84587
부안,KR,hydro,1998,0.193,hydro,전북 부안군 변산면,전북특별자치도,1531707000,수자원공사,정회원,시장,비중앙,,126.52328,35.64531
부항댐,KR,hydro,2013,0.6,hydro,경북 김천시 지례면,경상북도,5043244500,수자원공사,정회원,시장,비중앙,,128.0487322,35.9677682
북평해양수력,KR,hydro,2016,5,hydro,강원 동해시 공단4로,강원특별자치도,5571468000,㈜GS동해전력,정회원,시장,비중앙,,129.1379144,37.4836223
산내,KR,hydro,1989,0.82,hydro,전북 남원시 산내면,전북특별자치도,1531707000,산내hydro발전소,정회원,시장,비중앙,,127.61642,35.40046
산청소수력*_1,KR,hydro,2001,0.995,hydro,경남 산청군 시천면,경상남도,4041328000,한수원,정회원,시장,비중앙,,127.8390416,35.2771144
산청소수력*_2,KR,hydro,2010,0,hydro,경남 산청군 시천면,경상남도,5043244500,한수원,정회원,시장,비중앙,,127.8390416,35.2771144
삼척그린파워 해양소수력,KR,hydro,2017,2.75,hydro,강원 삼척시 원덕읍,강원특별자치도,11106986000,남부발전,정회원,시장,비중앙,,129.30085,37.18692
삼천포 해양,KR,hydro,2007,6,hydro,경남 고성군 하이면,경상남도,4041328000,남동발전,정회원,시장,비중앙,,128.14274,34.93837
삼한에너지,KR,hydro,2014,2.8,hydro,강원 정선군 정선읍,강원특별자치도,5213156000,애플에너지,정회원,시장,비중앙,,128.6618047,37.3796216
삿갓보,KR,hydro,2011,0.4,hydro,전북 정읍시 응동면,전북특별자치도,5043244500,농어촌공사,정회원,시장,비중앙,,126.8575601,35.5675416
상주보,KR,hydro,2012,3,hydro,경북 상주시 중동면,경상북도,5043244500,수자원공사,정회원,시장,비중앙,,128.28793,36.42828
서리보,KR,hydro,2010,1.5,hydro,강원 인제군 기린면,강원특별자치도,5043244500,인제군청,정회원,시장,비중앙,,128.3476201,37.9664418
서포,KR,hydro,2014,0.35,hydro,전북 군산시 개정면,전북특별자치도,5213156000,농어촌공사,정회원,시장,비중앙,,126.7856178,35.9630105
섬진강댐,KR,hydro,2016,1.65,hydro,전북 임실군 강진면,전북특별자치도,5571468000,수자원공사,정회원,시장,비중앙,,127.1415,35.54734
성남,KR,hydro,2004,0.34,hydro,경기 성남시 수정구,경기도,4060031000,수자원공사,정회원,시장,비중앙,,127.1267072,37.4420619
성남 제2소수력,KR,hydro,2008,0.36,hydro,경기 성남시 수정구,경기도,5043244500,수자원공사,정회원,시장,비중앙,,127.1267072,37.4420619
성덕댐,KR,hydro,2014,0.23,hydro,경북 청송군 안덕면,경상북도,4078734000,수자원공사,정회원,시장,비중앙,,128.97955,36.30767
성주,KR,hydro,1999,1.8,hydro,경북 성주군 가천면,경상북도,1531707000,㈜성주발전,정회원,시장,비중앙,,128.13972,35.86735
세종보,KR,hydro,2011,2.31,hydro,세종 연기면,세종특별자치시,5043244500,수자원공사,정회원,시장,비중앙,,127.2800234,36.5557901
소양강_1,KR,hydro,1973,200,hydro,강원 춘천시 신북읍,강원특별자치도,39653000,수자원공사,정회원,시장,중앙,,127.750296,37.925617
소양강_2,KR,hydro,1973,200,hydro,강원 춘천시 신북읍,강원특별자치도,39653000,수자원공사,정회원,시장,중앙,,127.750296,37.925617
소천,KR,hydro,1987,2.4,hydro,경북 봉화군 소천면,경상북도,1531707000,㈜한여울,정회원,시장,비중앙,,128.9971255,36.9020803
소향,KR,hydro,2018,3,hydro,전북 전주 완주군 고산면,전북특별자치도,5929780000,농어촌공사,정회원,시장,비중앙,,127.1623649,35.8500537
솔향강릉,KR,hydro,2011,0.34,hydro,강원 강릉시 홍제동,강원특별자치도,5043244500,-,비회원,시장외,비중앙,,128.8698171,37.7507876
승촌보,KR,hydro,2011,0.8,hydro,광주 남구 승천동,광주광역시,5043244500,수자원공사,정회원,시장,비중앙,,126.9352446,35.1123807
신보령,KR,hydro,2016,5,hydro,충남 보령시 주교면,충청남도,5571468000,중부발전,정회원,시장,비중앙,,126.54718,36.38281
안계,KR,hydro,2013,0.99,hydro,경북 경주시 강동면,경상북도,5043244500,수자원공사,정회원,시장,비중앙,,129.26826,35.99726
안동,KR,hydro,1976,90,hydro,경북 안동시 성곡동,경상북도,130422000,수자원공사,정회원,시장,중앙,,128.5387868,36.5983775
안동소수력,KR,hydro,2003,1.5,hydro,경북 안동시 성곡동,경상북도,4627242000,수자원공사,정회원,시장,비중앙,,128.5387868,36.5983775
양양소수력,KR,hydro,2005,1.4,hydro,강원 양양군 서면,강원특별자치도,1021429000,한수원,정회원,시장,비중앙,,128.5865847,38.0715701
양양양수신소수력,KR,hydro,2020,0.15,hydro,충북 단양군 단성면,충청북도,6457925000,한수원,정회원,시장,비중앙,,128.3236696,36.9369817
어승생,KR,hydro,2020,0.287,hydro,제주 제주시 해안동,제주특별자치도,6457925000,제주도청,정회원,시장,비중앙,,126.46036,33.44899
여주보,KR,hydro,2012,4.95,hydro,경기 여주시 능서면,경기도,5043244500,수자원공사,정회원,시장,비중앙,,127.5734,37.29077
영주댐,KR,hydro,2016,5,hydro,경북 영주시 평은면,경상북도,5571468000,수자원공사,정회원,시장,비중앙,,128.69476,36.74326
영천,KR,hydro,2001,1,hydro,경북 영천시 임고면,경상북도,4041328000,수자원공사,정회원,시장,비중앙,,129.00646,36.03578
영흥해양#1,KR,hydro,2008,3,hydro,인천 옹진군 영흥면,인천광역시,5929780000,남동발전,정회원,시장,비중앙,,126.4857437,37.238814
영흥해양#2,KR,hydro,2011,4.599,hydro,인천 웅진군 영흥면,인천광역시,6457925000,남동발전,정회원,시장,비중앙,,126.4857437,37.238814
영흥해양#3,KR,hydro,2014,5,hydro,인천 옹진군 영흥면,인천광역시,3901083000,남동발전,정회원,시장,비중앙,,126.4857437,37.238814
예당,KR,hydro,2012,0.48,hydro,충남 예산군 응봉면,충청남도,5043244500,-,비회원,시장외,비중앙,,126.7610478,36.6660454
예천소수력,KR,hydro,2011,0.9,hydro,경북 예천군,경상북도,5043244500,한수원,정회원,시장,비중앙,,128.4516553,36.6572367
예천양수,KR,hydro,2018,0.025,hydro,경북 예천군 은풍면,경상북도,5929780000,한수원,비회원,시장외,비중앙,,128.44401,36.74478
오봉지구,KR,hydro,2012,0.53,hydro,강원 강릉시 성산면,강원특별자치도,5043244500,-,비회원,시장외,비중앙,,128.8303759,37.7167435
용담_1,KR,hydro,2001,2.3,hydro,전북 진안군 용담면,전북특별자치도,4041328000,수자원공사,정회원,시장,비중앙,,127.4884677,35.9476879
용담_2,KR,hydro,2020,2.13,hydro,전북 진안군 안천면,전북특별자치도,6457925000,수자원공사,정회원,시장,비중앙,,127.5485814,35.8978476
용담_3,KR,hydro,2004,1.8,hydro,전북 진안군 용담면,전북특별자치도,4060031000,수자원공사,정회원,시장,비중앙,,127.4884677,35.9476879
용담1수력,KR,hydro,2001,22.1,hydro,전북 진안군 용담면,전북특별자치도,4041328000,수자원공사,정회원,시장,중앙,,127.4884677,35.9476879
용담고산#1,KR,hydro,2016,0.8,hydro,전북 완주군 고산면,전북특별자치도,5571468000,수자원공사,정회원,시장,비중앙,,127.2281284,35.9727722
용림,KR,hydro,2011,0.6,hydro,전북 장수군 장수읍,전북특별자치도,5043244500,농어촌공사,정회원,시장,비중앙,,127.5165461,35.6469364
용연 정수장,KR,hydro,2016,0.76,hydro,광주 동구 용연동,광주광역시,5571468000,GS 파워㈜,정회원,시장,비중앙,,126.9705806,35.1017287
운문,KR,hydro,1998,0.36,hydro,경북 청도군 운문면,경상북도,1531707000,수자원공사,정회원,시장,비중앙,,128.96022,35.74829
운서보,KR,hydro,2014,0.4,hydro,경남 함양군 휴천면,경상남도,5213156000,함양군청,정회원,시장,비중앙,,127.73836,35.45121
원정수,KR,hydro,2007,0.6,hydro,전남 광양시 금호동,전라남도,5043244500,㈜포스코,정회원,시장,비중앙,,127.7393151,34.9259343
원통보,KR,hydro,2011,0.2,hydro,강원 인제군 북면,강원특별자치도,5043244500,인제군청,정회원,시장,비중앙,,128.27409,38.1547
율현,KR,hydro,2008,0.56,hydro,경남 산청군 신동면,경상남도,5043244500,농어촌공사,정회원,시장,비중앙,,127.8745153,35.4164268
읍애,KR,hydro,2020,0.177,hydro,충북 단양군 단성면,충청북도,6457925000,수자원공사,정회원,시장,비중앙,,128.3236696,36.9369817
의암,KR,hydro,1967,48,hydro,강원 춘천시 신동면(한강수계 북한강 의암호),강원특별자치도,130422000,한수원,정회원,시장,중앙,,127.7149105,37.8167794
이포보,KR,hydro,2011,3,hydro,경기 여주군 금사면,경기도,5043244500,수자원공사,정회원,시장,비중앙,,127.50233,37.39907
일산정수장,KR,hydro,2017,0.25,hydro,경기 고양시 덕양구,경기도,8381654000,수자원공사,정회원,시장,비중앙,,126.8809509,37.7110771
임기,KR,hydro,1986,1.2,hydro,경북 봉화군 소천면,경상북도,1531707000,대동기업㈜,정회원,시장,비중앙,,128.9971255,36.9020803
임하,KR,hydro,1992,50,hydro,경북 안동시 임하면(낙동가지류 반변천 임하호),경상북도,1531707000,수자원공사,정회원,시장,중앙,,128.84811,36.51276
자인정,KR,hydro,2012,0.065,hydro,경북 경산시 자인면,경상북도,5043244500,수자원공사,정회원,시장,비중앙,,128.82356,35.82159
장성,KR,hydro,2013,1.392,hydro,전남 장성군 장성읍,전라남도,5043244500,농어촌공사,정회원,시장,비중앙,,126.7822391,35.2997241
장흥,KR,hydro,2005,0.8,hydro,전남 장흥군 부산면,전라남도,4078734000,수자원공사,정회원,시장,비중앙,,126.90625,34.7301
정선(봉정),KR,hydro,1993,1.92,hydro,강원 정선군 북면,강원특별자치도,1251768000,㈜정선hydro,정회원,시장,비중앙,,128.6609485,37.380456
정우#2,KR,hydro,2013,0.075,hydro,전북 정읍시 정우면,전북특별자치도,5043244500,농어촌공사,정회원,시장,비중앙,,126.88372,35.64546
주암_1,KR,hydro,1991,22.5,hydro,전남 순천시 주암면(섬진강수계 보성강 주암호),전라남도,1531707000,수자원공사,정회원,시장,중앙,,127.25237,35.07374
주암_2,KR,hydro,2007,1,hydro,전남 순천시 주암면,전라남도,5043244500,수자원공사,정회원,시장,비중앙,,127.25237,35.07374
주암 역조정지댐,KR,hydro,2012,0.055,hydro,전남 순천시 상사면,전라남도,5043244500,수자원공사,정회원,시장,비중앙,,127.4271,34.93472
죽산보,KR,hydro,2011,1.22,hydro,전남 나주시 다시면,전북특별자치도,5043244500,수자원공사,정회원,시장,비중앙,,126.63703,35.0089
죽전,KR,hydro,2014,0.19,hydro,경남 합천군 가야면,경상남도,5213156000,농어촌공사,정회원,시장,비중앙,,128.11068,35.74824
청평_1,KR,hydro,1943,39.6,hydro,경기 가평군 외서면(한강수계 북한강 청평호),경기도,35859000,한수원,정회원,시장,중앙,,127.5150321,37.8255229
청평_2,KR,hydro,1968,40.5,hydro,경기 가평군 외서면(한강수계 북한강 청평호),경기도,35600000,한수원,정회원,시장,중앙,,127.5150321,37.8255229
청평_3,KR,hydro,2011,60,hydro,경기 가평군 외서면(한강수계 북한강 청평호),경기도,1636334000,한수원,정회원,시장,중앙,,127.5150321,37.8255229
추산_1,KR,hydro,1969,0.6,hydro,경북 울릉군 북면(나리분지수원지 용출소),경상북도,39653000,한국전력,비회원,시장외,비중앙,,130.8647248,37.527399
추산_2,KR,hydro,1978,0.1,hydro,경북 울릉군 북면(나리분지수원지 용출소),경상북도,138831500,한국전력,비회원,시장외,비중앙,,130.8647248,37.527399
춘천_1,KR,hydro,1965,31.14,hydro,강원 춘천시 신북읍(한강수계 북한강 춘천호),강원특별자치도,39653000,한수원,정회원,시장,중앙,,127.750296,37.925617
춘천_2,KR,hydro,1965,31.14,hydro,강원 춘천시 신북읍(한강수계 북한강 춘천호),강원특별자치도,39653000,한수원,정회원,시장,중앙,,127.750296,37.925617
충주_1,KR,hydro,1985,200,hydro,충북 충주시 동량면(한강수계 남한강 충주호),충청북도,1531707000,수자원공사,정회원,시장,중앙,,128.02885,37.0024486
충주_2,KR,hydro,1985,200,hydro,충북 충주시 동량면(한강수계 남한강 충주호),충청북도,1531707000,수자원공사,정회원,시장,중앙,,128.02885,37.0024486
충주_3,KR,hydro,1985,6,hydro,충북 충주시 동량면(한강수계 남한강 충주호),충청북도,1531707000,수자원공사,정회원,시장,중앙,,128.02885,37.0024486
충주_4,KR,hydro,1985,6,hydro,충북 충주시 동량면(한강수계 남한강 충주호),충청북도,1531707000,수자원공사,정회원,시장,중앙,,128.02885,37.0024486
칠곡보,KR,hydro,2012,3,hydro,경북 칠곡군 석적읍,경상북도,5043244500,수자원공사,정회원,시장,비중앙,,128.4297,36.04915
칠보_1,KR,hydro,1945,14.4,hydro,전북 정읍시 칠보면(섬진강수계 섬진강옥정호),전북특별자치도,58170000,한수원,정회원,시장,중앙,,126.97003,35.58377
칠보_2,KR,hydro,1965,14.6,hydro,전북 정읍시 칠보면(섬진강수계 섬진강옥정호),전북특별자치도,39653000,한수원,정회원,시장,중앙,,126.97003,35.58377
칠보_3,KR,hydro,1985,6,hydro,전북 정읍시 칠보면(섬진강수계 섬진강옥정호),전북특별자치도,1531707000,한수원,정회원,시장,중앙,,126.97003,35.58377
탑정,KR,hydro,2010,0.32,hydro,충남 논산시 부적면,충청남도,5043244500,탑정,비회원,시장외,비중앙,,127.1466336,36.2093582
태안소수력,KR,hydro,2008,2.2,hydro,충남 태안군 원북면,충청남도,5213156000,서부발전,정회원,시장,비중앙,,126.23819,36.8263
토평,KR,hydro,2011,0.045,hydro,경기 구리시 수택동,경기도,5043244500,한수원,비회원,시장외,비중앙,,127.1609126,37.5888053
판교가압장,KR,hydro,2011,0.2,hydro,경기 성남시 분당구,경기도,5043244500,수자원공사,정회원,시장,비중앙,,127.1054443,37.3651229
팔당_1,KR,hydro,1973,120,hydro,경기 남양주시 조안면(한강수계 북한강 팔당호),경기도,242063000,한수원,정회원,시장,중앙,,127.29771,37.56882
팔당_2,KR,hydro,1973,120,hydro,경기 남양주시 조안면(한강수계 북한강 팔당호),경기도,242063000,한수원,정회원,시장,중앙,,127.29771,37.56882
하동호,KR,hydro,2006,0.825,hydro,경남 하동군 청암면,전라남도,4078734000,농어촌공사,정회원,시장,비중앙,,127.76791,35.1802
한국해양울돌목조류,KR,renewable,2009,1,ocean,전남 진도군 군내면,전라남도,1469000000,한국해양과학기술원,정회원,시장,비중앙,,126.297506,34.5361155
한석,KR,hydro,1989,2.214,hydro,충북 단양군 영춘면,충청북도,1531707000,㈜한석에너지,정회원,시장,비중앙,,128.47111,37.08343
함안보,KR,hydro,2012,5,hydro,경남 함안군 칠북면,경상남도,5043244500,수자원공사,정회원,시장,비중앙,,128.5384,35.35224
합천,KR,hydro,1989,100,hydro,경남 합천군 용주면(낙동강수계 황강 합천호),경상남도,1531707000,수자원공사,정회원,시장,중앙,,128.10043,35.54103
합천·창녕보,KR,hydro,2012,5,hydro,경남 합천군 청덕면,경상남도,5043244500,수자원공사,정회원,시장,비중앙,,128.32922,35.56632
합천2수력,KR,hydro,2017,1.8,hydro,경남 합천군 용주면,경상남도,2284711000,수자원공사,정회원,시장,비중앙,,128.10043,35.54103
행원,KR,hydro,2010,0.06,hydro,제주 제주시 구좌읍,제주특별자치도,55513243000,남부발전,정회원,시장,비중앙,,126.8635365,33.5220899
홍익동진,KR,hydro,2008,0.85,hydro,전북 정읍시 칠보면,전북특별자치도,5043244500,㈜홍익이앤알,정회원,시장,비중앙,,126.97003,35.58377
화천_1,KR,hydro,1944,54,hydro,강원 화천군 간동면(한강수계 북한강 파로호),강원특별자치도,80481000,한수원,정회원,시장,중앙,,127.7897664,38.0551729
화천_2,KR,hydro,1957,27,hydro,강원 화천군 간동면(한강수계 북한강 파로호),강원특별자치도,24630000,한수원,정회원,시장,중앙,,127.7897664,38.0551729
화천_3,KR,hydro,1968,27,hydro,강원 화천군 간동면(한강수계 북한강 파로호),강원특별자치도,15825000,한수원,정회원,시장,중앙,,127.7897664,38.0551729
회동댐,KR,hydro,2012,0.055,hydro,부산 금정구 회동동,부산광역시,5043244500,-,비회원,시장외,비중앙,,129.12173,35.23105
횡성,KR,hydro,2000,1,hydro,강원 횡성군 갑천면,강원특별자치도,1531707000,수자원공사,정회원,시장,비중앙,,128.0896412,37.5561553
횡성댐2,KR,hydro,2011,0.3,hydro,강원 횡성군 갑천면,강원특별자치도,5043244500,수자원공사,정회원,시장,비중앙,,128.0896412,37.5561553
고 리 #2,KR,PWR,1983,650,nuclear,부산 기장군 장안읍 고리,부산광역시,862914000,한수원㈜,정회원,시장,중앙,,129.2771803,35.3259812
고 리 #3,KR,PWR,1985,950,nuclear,부산 기장군 장안읍 고리,부산광역시,783697000,한수원㈜,정회원,시장,중앙,,129.2771803,35.3259812
고 리 #4,KR,PWR,1986,950,nuclear,부산 기장군 장안읍 고리,부산광역시,783697000,한수원㈜,정회원,시장,중앙,,129.2771803,35.3259812
신고리#1,KR,PWR,2011,1000,nuclear,울산 울주군 서생면 신암리,울산광역시,2456721000,한수원㈜,정회원,시장,중앙,,129.3185862,35.3660725
신고리#2,KR,PWR,2012,1000,nuclear,울산 울주군 서생면 신암리,울산광역시,2456721000,한수원㈜,정회원,시장,중앙,,129.3185862,35.3660725
신고리#3,KR,PWR,2016,1400,nuclear,울산 울주군 서생면 신암리,울산광역시,2704678000,한수원㈜,정회원,시장,중앙,,129.3185862,35.3660725
신고리#4,KR,PWR,2019,1400,nuclear,울산 울주군 서생면 신암리,울산광역시,2704678000,한수원㈜,정회원,시장,중앙,,129.3185862,35.3660725
신월성#1,KR,PWR,2012,1000,nuclear,경북 경주시 양남면 나아리,경상북도,2692129000,한수원㈜,정회원,시장,중앙,,129.4218449,35.702788
신월성#2,KR,PWR,2015,1000,nuclear,경북 경주시 양남면 나아리,경상북도,2692129000,한수원㈜,정회원,시장,중앙,,129.4218449,35.702788
신한울 #1,KR,PWR,2022,1400,nuclear,경북 울진군 북면 울진북로,경상북도,4054861000,한수원㈜,정회원,시장,중앙,,129.33135,37.07961
월 성 #2,KR,PHWR,1997,700,nuclear,경북 경주시 양남면 나아리,경상북도,2052558000,한수원㈜,정회원,시장,중앙,,129.4218449,35.702788
월 성 #3,KR,PHWR,1998,700,nuclear,경북 경주시 양남면 나아리,경상북도,2227000000,한수원㈜,정회원,시장,중앙,,129.4218449,35.702788
월 성 #4,KR,PHWR,1999,700,nuclear,경북 경주시 양남면 나아리,경상북도,2227000000,한수원㈜,정회원,시장,중앙,,129.4218449,35.702788
한 빛 #1,KR,PWR,1986,950,nuclear,전남 영광군 홍농읍 계마리,전라남도,847679000,한수원㈜,정회원,시장,중앙,,126.41517,35.40355
한 빛 #2,KR,PWR,1987,950,nuclear,전남 영광군 홍농읍 계마리,전라남도,847679000,한수원㈜,정회원,시장,중앙,,126.41517,35.40355
한 빛 #3,KR,PWR,1995,1000,nuclear,전남 영광군 홍농읍 계마리,전라남도,1343000000,한수원㈜,정회원,시장,중앙,,126.41517,35.40355
한 빛 #4,KR,PWR,1996,1000,nuclear,전남 영광군 홍농읍 계마리,전라남도,1343000000,한수원㈜,정회원,시장,중앙,,126.41517,35.40355
한 빛 #5,KR,PWR,2002,1000,nuclear,전남 영광군 홍농읍 계마리,전라남도,1610932000,한수원㈜,정회원,시장,중앙,,126.41517,35.40355
한 빛 #6,KR,PWR,2002,1000,nuclear,전남 영광군 홍농읍 계마리,전라남도,1610932000,한수원㈜,정회원,시장,중앙,,126.41517,35.40355
한 울 #1,KR,PWR,1988,950,nuclear,경북 울진군 북면 부구리,경상북도,1050000000,한수원㈜,정회원,시장,중앙,,129.33135,37.07961
한 울 #2,KR,PWR,1989,950,nuclear,경북 울진군 북면 부구리,경상북도,1050000000,한수원㈜,정회원,시장,중앙,,129.33135,37.07961
한 울 #3,KR,PWR,1998,1000,nuclear,경북 울진군 북면 부구리,경상북도,1790125000,한수원㈜,정회원,시장,중앙,,129.33135,37.07961
한 울 #4,KR,PWR,1999,1000,nuclear,경북 울진군 북면 부구리,경상북도,1790125000,한수원㈜,정회원,시장,중앙,,129.33135,37.07961
한 울 #5,KR,PWR,2004,1000,nuclear,경북 울진군 북면 부구리,경상북도,1884000000,한수원㈜,정회원,시장,중앙,,129.33135,37.07961
한 울 #6,KR,PWR,2005,1000,nuclear,경북 울진군 북면 부구리,경상북도,1884000000,한수원㈜,정회원,시장,중앙,,129.33135,37.07961
SGC에너지#1,KR,CHP,2008,54.529,bituminous,전북 군산시 소룡동,전북특별자치도,3502478000,에쓰지씨에너지㈜,정회원,시장,비중앙,,126.6819351,35.9751154
SGC에너지#2,KR,CHP,2009,30.54,bituminous,전북 군산시 소룡동,전북특별자치도,3502478000,에쓰지씨에너지㈜,정회원,시장,비중앙,,126.6819351,35.9751154
SGC에너지#3,KR,CHP,2014,60,miscellaneous,전북 군산시 소룡동,전북특별자치도,1228770000,에쓰지씨에너지㈜,정회원,시장,비중앙,,126.6819351,35.9751154
SGC에너지#4,KR,CHP,2016,250,bituminous,전북 군산시 소룡동,전북특별자치도,3502478000,에쓰지씨에너지㈜,정회원,시장,비중앙,,126.6819351,35.9751154
SGC에너지#5,KR,CHP,2017,28.5,bituminous,전북 군산시 소룡동,전북특별자치도,3502478000,에쓰지씨에너지㈜,정회원,시장,비중앙,,126.6819351,35.9751154
광교열병합_1,KR,CHP,2012,102.588,LNG,경기 수원시 이의동,경기도,1566823000,지역난방공사,정회원,시장,중앙,,126.9965261,37.2979237
광교열병합_2,KR,CHP,2012,42.2,LNG,경기 수원시 이의동,경기도,1566823000,지역난방공사,정회원,시장,중앙,,126.9965261,37.2979237
구미열병합,KR,CHP,1991,97.1,bituminous,경북 구미시 공단 2동,경상북도,818230000,㈜GS E&R,정회원,시장,비중앙,,128.38148,36.09788
금호여수열병합_1,KR,CHP,2009,119.13,bituminous,전남 여수시 화치동,전라남도,3502478000,금호석유화학㈜,정회원,시장,비중앙,,127.6489382,34.8182032
금호여수열병합_2,KR,CHP,2016,144.97,bituminous,전남 여수시 화치동,전라남도,2937159000,금호석유화학㈜,정회원,시장,비중앙,,127.6489382,34.8182032
김천열병합,KR,CHP,2013,59,bituminous,경북 김천시 응명동,경상북도,4067797000,김천에너지서비스㈜,정회원,시장,비중앙,,128.1823773,36.1269175
김포열병합GT,KR,CHP,2023,229.62,LNG,경기 김포시 양촌읍,경기도,2157165000,서부발전㈜,정회원,시장,중앙,,126.6254451,37.6570591
김포열병합ST,KR,CHP,2023,120.84,LNG,경기 김포시 양촌읍,경기도,2157165000,서부발전㈜,정회원,시장,중앙,,126.6254451,37.6570591
내포그린열병합 GT,KR,CHP,2023,329,LNG,충남 예산군 삽교읍,충청남도,1353847000,내포그린에너지㈜,정회원,시장,중앙,,126.7610555,36.6659467
내포그린열병합 ST,KR,CHP,2023,166,LNG,충남 예산군 삽교읍,충청남도,1353847000,내포그린에너지㈜,정회원,시장,중앙,,126.7610555,36.6659467
노원열병합,KR,CHP,1994,37,LNG,서울 노원구 상계동,서울특별시,519254000,서울에너지공사,정회원,시장,중앙,,127.069655,37.66091
논현열병합,KR,CHP,2007,24,LNG,인천 남동구 고잔동,인천광역시,1081172500,㈜미래엔인천에너지,정회원,시장,중앙,,126.6966863,37.3941796
대구그린파워_1,KR,CHP,2014,239.9,LNG,대구 동구 율암동,대구광역시,1228770000,대구그린파워㈜,정회원,시장,중앙,,128.70356,35.88023
대구그린파워_2,KR,CHP,2014,130.8,LNG,대구 동구 율암동,대구광역시,1228770000,대구그린파워㈜,정회원,시장,중앙,,128.70356,35.88023
대구열병합,KR,CHP,1997,43.5,heavy oil,대구 달서구 대천동,대구광역시,1574736000,지역난방공사,정회원,시장,중앙,,128.5030871,35.8228905
대구염색,KR,CHP,2004,72.9,bituminous,대구 서구 평리동,대구광역시,4067797000,대구염색산업단지관리공단,정회원,시장,비중앙,,128.5567179,35.8795973
대전서남부,KR,CHP,2011,48.3,LNG,대전 유성구 원신흥동,대전광역시,1081172500,토지주택공사,정회원,시장,중앙,,127.3435872,36.3494691
대전열병합,KR,CHP,1997,88,heavy oil,대전 대덕구 신일동,대전광역시,1574736000,대전열병합발전㈜,정회원,시장,중앙,,127.405615,36.4375766
데이원열병합,KR,CHP,2013,48.4,bituminous,전남 여수시 중흥동,전라남도,3502478000,데이원에너지㈜,정회원,시장,비중앙,,127.6900713,34.8291816
동탄열병합 #1 GT,KR,CC,2017,246.47,LNG,경기 화성시 동탄기흥로,경기도,1083062000,지역난방공사,정회원,시장,중앙,동탄열병합 #1,127.0929069,37.1968342
동탄열병합 #1 ST,KR,CC,2017,131.91,LNG,경기 화성시 동탄기흥로,경기도,1083062000,지역난방공사,정회원,시장,중앙,동탄열병합 #1,127.0929069,37.1968342
동탄열병합 #2 GT,KR,CC,2017,246.47,LNG,경기 화성시 동탄기흥로,경기도,1083062000,지역난방공사,정회원,시장,중앙,동탄열병합 #2,127.0929069,37.1968342
동탄열병합 #2 ST,KR,CC,2017,131.91,LNG,경기 화성시 동탄기흥로,경기도,1083062000,지역난방공사,정회원,시장,중앙,동탄열병합 #2,127.0929069,37.1968342
명품오산열병합_1,KR,CHP,2016,289.3,LNG,경기 오산시 누읍동,경기도,1040000000,디에스파워㈜,정회원,시장,중앙,,127.0661953,37.1250339
명품오산열병합_2,KR,CHP,2016,146.8,LNG,경기 오산시 누읍동,경기도,1040000000,디에스파워㈜,정회원,시장,중앙,,127.0661953,37.1250339
목동열병합,KR,CHP,1987,21,LNG,서울 양천구 목동,서울특별시,519254000,서울에너지공사,정회원,시장,중앙,,126.8761986,37.5400367
무림파워텍열병합,KR,CHP,1999,26.3,heavy oil,경남 진주시 상대동,경상남도,1908236500,무림파워텍㈜,정회원,시장,중앙,,128.117068,35.178946
반원열병합,KR,CHP,1990,76.955,bituminous,경기 안산시 초지동,경기도,791407000,㈜GS E&R,정회원,시장,비중앙,,126.8168208,37.3099601
별내열병합_1,KR,CHP,2013,80.06,LNG,경기 남양주시 별내동,경기도,2629090000,별내에너지,정회원,시장,중앙,,127.123237,37.6501158
별내열병합_2,KR,CHP,2013,35.35,LNG,경기 남양주시 별내동,경기도,2629090000,별내에너지,정회원,시장,중앙,,127.123237,37.6501158
부산염색,KR,CHP,1993,19,bituminous,부산 사하구 신평동,부산광역시,819565000,부산패션칼라산업협동조합,정회원,시장,비중앙,,128.9606935,35.0954921
부천 GT_1,KR,CHP,1993,200,LNG,경기 부천시 삼정동,경기도,519254000,GS파워㈜,정회원,시장,중앙,,126.7773245,37.5021254
부천 GT_2,KR,CHP,1993,100,LNG,경기 부천시 삼정동,경기도,519254000,GS파워㈜,정회원,시장,중앙,,126.7773245,37.5021254
부천 ST,KR,CHP,1993,150,LNG,경기 부천시 삼정동,경기도,519254000,GS파워㈜,정회원,시장,중앙,,126.7773245,37.5021254
상공에너지열병합,KR,CHP,2012,9.8,bituminous,전북 익산시 용제동,전북특별자치도,3502478000,㈜상공에너지,정회원,시장,비중앙,,127.0009724,35.9467274
새만금열병합_1,KR,CHP,2015,151.5,bituminous,전북 군산시 오식도동,전북특별자치도,3502478000,OCI SE,정회원,시장,비중앙,,126.5660521,35.9633803
새만금열병합_2,KR,CHP,2015,151.5,bituminous,전북 군산시 오식도동,전북특별자치도,3502478000,OCI SE,정회원,시장,비중앙,,126.5660521,35.9633803
세종천연가스_1,KR,CHP,2013,334.208,LNG,세종시 가람동,세종특별자치시,1103693000,중부발전㈜,정회원,시장,중앙,,127.2460943,36.4690483
세종천연가스_2,KR,CHP,2013,196.233,LNG,세종시 가람동,세종특별자치시,1103693000,중부발전㈜,정회원,시장,중앙,,127.2460943,36.4690483
송도복합_1,KR,CHP,2010,134.9,LNG,인천 연수구 송도동,인천광역시,1081172500,인천종합에너지㈜,정회원,시장,중앙,,126.6323645,37.3751446
송도복합_2,KR,CHP,2010,52.4,LNG,인천 연수구 송도동,인천광역시,1081172500,인천종합에너지㈜,정회원,시장,중앙,,126.6323645,37.3751446
수완에너지_1,KR,CHP,2010,80.066,LNG,광주 광산구 수완동,광주광역시,1081172500,수완에너지㈜,정회원,시장,중앙,,126.8097483,35.1835519
수완에너지_2,KR,CHP,2010,35.18,LNG,광주 광산구 수완동,광주광역시,1081172500,수완에너지㈜,정회원,시장,중앙,,126.8097483,35.1835519
수원열병합,KR,CHP,1997,43.2,heavy oil,경기 수원시 팔달구 영통동,경기도,1574736000,지역난방공사,정회원,시장,중앙,,127.0137777,37.2711001
신정열병합,KR,CHP,2011,6,LNG,서울 양천구 신월동,서울특별시,1081172500,서울에너지공사,정회원,시장,비중앙,,126.8326238,37.5291614
아산배방열병합_1,KR,CHP,2011,79.3,LNG,충남 아산시 배방읍,충청남도,1081172500,토지주택공사,정회원,시장,중앙,,127.1002435,36.7875313
아산배방열병합_2,KR,CHP,2011,22.4,LNG,충남 아산시 배방읍,충청남도,1081172500,토지주택공사,정회원,시장,중앙,,127.1002435,36.7875313
안산열병합,KR,CHP,2001,60,LNG,경기 안산시 초지동,경기도,703506000,안산도시개발,정회원,시장,중앙,,126.8168208,37.3099601
안양 GT,KR,CHP,1992,300,LNG,경기 안양시 관양동,경기도,519254000,GS파워㈜,정회원,시장,중앙,,126.9486808,37.3908619
안양 ST,KR,CHP,1993,150,LNG,경기 안양시 관양동,경기도,519254000,GS파워㈜,정회원,시장,중앙,,126.9486808,37.3908619
안양열병합#2-1 GT,KR,CC,2018,320.72,LNG,경기 안양시 평촌동,경기도,903632000,GS파워㈜,정회원,시장,중앙,안양열병합#2-1,126.9657566,37.3886107
안양열병합#2-1 ST,KR,CC,2018,160.97,LNG,경기 안양시 평촌동,경기도,903632000,GS파워㈜,정회원,시장,중앙,안양열병합#2-1,126.9657566,37.3886107
양산열병합 GT,KR,CC,2023,78.012,LNG,경남 양산시 동면,경상남도,1670415000,지역난방공사,정회원,시장,중앙,양산열병합,129.0291075,35.3253593
양산열병합 ST,KR,CC,2023,40.96,LNG,경남 양산시 동면,경상남도,1670415000,지역난방공사,정회원,시장,중앙,양산열병합,129.0291075,35.3253593
양주열병합_1,KR,CHP,2014,330,LNG,경기 양주시 옥정동,경기도,1228770000,대륜발전㈜,정회원,시장,중앙,,127.0929342,37.8221515
양주열병합_2,KR,CHP,2014,194.3,LNG,경기 양주시 옥정동,경기도,1228770000,대륜발전㈜,정회원,시장,중앙,,127.0929342,37.8221515
위례열병합_1,KR,CHP,2017,270.4,LNG,경기 하남시 위례대로4길,경기도,1058652000,위례에너지서비스㈜,정회원,시장,중앙,,127.150146,37.4808582
위례열병합_2,KR,CHP,2017,142.2,LNG,경기 하남시 위례대로4길,경기도,1058652000,위례에너지서비스㈜,정회원,시장,중앙,,127.150146,37.4808582
인천공항_1,KR,CHP,2001,94,LNG,인천 중구 운서동,인천광역시,703506000,인천공항에너지㈜,정회원,시장,중앙,,126.4417093,37.4634593
인천공항_2,KR,CHP,2001,33,LNG,인천 중구 운서동,인천광역시,703506000,인천공항에너지㈜,정회원,시장,중앙,,126.4417093,37.4634593
전북집단에너지,KR,CHP,1992,19,bituminous,전북 익산시 신흥동,전북특별자치도,819565000,전북집단에너지㈜,정회원,시장,비중앙,,126.9889483,35.9388886
청주열병합,KR,CHP,2000,58.3,heavy oil,충북 청주시 흥덕구 죽림동,충청북도,1908236500,지역난방공사,정회원,시장,중앙,,127.4399409,36.612225
춘천열병합_1,KR,CHP,2017,287.8,LNG,강원 춘천시 동산면,강원특별자치도,1560179000,춘천에너지㈜,정회원,시장,중앙,,127.813742,37.774723
춘천열병합_2,KR,CHP,2017,143.4,LNG,강원 춘천시 동산면,강원특별자치도,1560179000,춘천에너지㈜,정회원,시장,중앙,,127.813742,37.774723
파주열병합_1,KR,CHP,2011,326.8,LNG,경기 파주시 교하읍,경기도,883107000,지역난방공사,정회원,시장,중앙,,126.7785999,37.7537326
파주열병합_2,KR,CHP,2011,188.7,LNG,경기 파주시 교하읍,경기도,883107000,지역난방공사,정회원,시장,중앙,,126.7785999,37.7537326
판교열병합_1,KR,CHP,2010,77.863,LNG,경기 성남시 판교동,경기도,1081172500,지역난방공사,정회원,시장,중앙,,127.0986022,37.3899504
판교열병합_2,KR,CHP,2010,68.451,LNG,경기 성남시 판교동,경기도,1081172500,지역난방공사,정회원,시장,중앙,,127.0986022,37.3899504
포천그린에너지,KR,CHP,2018,169.9,bituminous,경기 포천시 신북면,경기도,3502478000,지에스포천그린에너지,정회원,시장,비중앙,,127.2044688,37.8936154
하남열병합_1,KR,CHP,2015,240.75,LNG,경기 하남시 풍산동,경기도,1228770000,나래에너지서비스㈜,정회원,시장,중앙,,127.1850892,37.5490186
하남열병합_2,KR,CHP,2015,123.061,LNG,경기 하남시 풍산동,경기도,1228770000,나래에너지서비스㈜,정회원,시장,중앙,,127.1850892,37.5490186
화성복합_1,KR,CHP,2007,321.6,LNG,경기 화성시 동탄면,경기도,703506000,지역난방공사,정회원,시장,중앙,,127.0319437,37.2241406
화성복합_2,KR,CHP,2007,190.2,LNG,경기 화성시 동탄면,경기도,703506000,지역난방공사,정회원,시장,중앙,,127.0319437,37.2241406
fuelcell_서울특별시,KR,fuelcell,2024,86.9,fuelcell,서울특별시,서울특별시,,,정회원,시장,중앙,,126.9782914,37.5666791
IGCC_서울특별시,KR,IGCC,2024,0,IGCC,서울특별시,서울특별시,,,정회원,시장,중앙,,126.9782914,37.5666791
solar_서울특별시,KR,renewable,2024,47.660195,solar,서울특별시,서울특별시,,,정회원,시장,중앙,,126.9782914,37.5666791
wind_서울특별시,KR,renewable,2024,0,wind,서울특별시,서울특별시,,,정회원,시장,중앙,,126.9782914,37.5666791
hydro_서울특별시,KR,renewable,2024,0,hydro,서울특별시,서울특별시,5571468000,,정회원,시장,중앙,,126.9782914,37.5666791
ocean_서울특별시,KR,renewable,2024,0,ocean,서울특별시,서울특별시,5571468000,,정회원,시장,중앙,,126.9782914,37.5666791
bio_서울특별시,KR,renewable,2024,5.8,bio,서울특별시,서울특별시,1469000000,,정회원,시장,중앙,,126.9782914,37.5666791
waste_서울특별시,KR,renewable,2024,0,waste,서울특별시,서울특별시,1469000000,,정회원,시장,중앙,,126.9782914,37.5666791
fuelcell_부산광역시,KR,fuelcell,2024,40.48,fuelcell,부산광역시,부산광역시,,,정회원,시장,중앙,,129.0752365,35.1799528
IGCC_부산광역시,KR,IGCC,2024,0,IGCC,부산광역시,부산광역시,,,정회원,시장,중앙,,129.0752365,35.1799528
solar_부산광역시,KR,renewable,2024,254.310375,solar,부산광역시,부산광역시,,,정회원,시장,중앙,,129.0752365,35.1799528
wind_부산광역시,KR,renewable,2024,0.762,wind,부산광역시,부산광역시,,,정회원,시장,중앙,,129.0752365,35.1799528
hydro_부산광역시,KR,renewable,2024,0.02,hydro,부산광역시,부산광역시,5571468000,,정회원,시장,중앙,,129.0752365,35.1799528
ocean_부산광역시,KR,renewable,2024,0,ocean,부산광역시,부산광역시,5571468000,,정회원,시장,중앙,,129.0752365,35.1799528
bio_부산광역시,KR,renewable,2024,4.574,bio,부산광역시,부산광역시,1469000000,,정회원,시장,중앙,,129.0752365,35.1799528
waste_부산광역시,KR,renewable,2024,0,waste,부산광역시,부산광역시,1469000000,,정회원,시장,중앙,,129.0752365,35.1799528
fuelcell_대구광역시,KR,fuelcell,2024,4.11,fuelcell,대구광역시,대구광역시,,,정회원,시장,중앙,,128.6018,35.8713
IGCC_대구광역시,KR,IGCC,2024,0,IGCC,대구광역시,대구광역시,,,정회원,시장,중앙,,128.6018,35.8713
solar_대구광역시,KR,renewable,2024,362.228226,solar,대구광역시,대구광역시,,,정회원,시장,중앙,,128.6018,35.8713
wind_대구광역시,KR,renewable,2024,0,wind,대구광역시,대구광역시,,,정회원,시장,중앙,,128.6018,35.8713
hydro_대구광역시,KR,renewable,2024,3.56,hydro,대구광역시,대구광역시,5571468000,,정회원,시장,중앙,,128.6018,35.8713
ocean_대구광역시,KR,renewable,2024,0,ocean,대구광역시,대구광역시,5571468000,,정회원,시장,중앙,,128.6018,35.8713
bio_대구광역시,KR,renewable,2024,4.5,bio,대구광역시,대구광역시,1469000000,,정회원,시장,중앙,,128.6018,35.8713
waste_대구광역시,KR,renewable,2024,0,waste,대구광역시,대구광역시,1469000000,,정회원,시장,중앙,,128.6018,35.8713
fuelcell_인천광역시,KR,fuelcell,2024,245.745,fuelcell,인천광역시,인천광역시,,,정회원,시장,중앙,,126.7052,37.456
IGCC_인천광역시,KR,IGCC,2024,0,IGCC,인천광역시,인천광역시,,,정회원,시장,중앙,,126.7052,37.456
solar_인천광역시,KR,renewable,2024,148.131085,solar,인천광역시,인천광역시,,,정회원,시장,중앙,,126.7052,37.456
wind_인천광역시,KR,renewable,2024,49,wind,인천광역시,인천광역시,,,정회원,시장,중앙,,126.7052,37.456
hydro_인천광역시,KR,renewable,2024,12.599,hydro,인천광역시,인천광역시,5571468000,,정회원,시장,중앙,,126.7052,37.456
ocean_인천광역시,KR,renewable,2024,0,ocean,인천광역시,인천광역시,5571468000,,정회원,시장,중앙,,126.7052,37.456
bio_인천광역시,KR,renewable,2024,76.33,bio,인천광역시,인천광역시,1469000000,,정회원,시장,중앙,,126.7052,37.456
waste_인천광역시,KR,renewable,2024,0,waste,인천광역시,인천광역시,1469000000,,정회원,시장,중앙,,126.7052,37.456
fuelcell_광주광역시,KR,fuelcell,2024,21.035,fuelcell,광주광역시,광주광역시,,,정회원,시장,중앙,,126.8515034,35.1594647
IGCC_광주광역시,KR,IGCC,2024,0,IGCC,광주광역시,광주광역시,,,정회원,시장,중앙,,126.8515034,35.1594647
solar_광주광역시,KR,renewable,2024,340.616036,solar,광주광역시,광주광역시,,,정회원,시장,중앙,,126.8515034,35.1594647
wind_광주광역시,KR,renewable,2024,0,wind,광주광역시,광주광역시,,,정회원,시장,중앙,,126.8515034,35.1594647
hydro_광주광역시,KR,renewable,2024,1.83,hydro,광주광역시,광주광역시,5571468000,,정회원,시장,중앙,,126.8515034,35.1594647
ocean_광주광역시,KR,renewable,2024,0,ocean,광주광역시,광주광역시,5571468000,,정회원,시장,중앙,,126.8515034,35.1594647
bio_광주광역시,KR,renewable,2024,2.12,bio,광주광역시,광주광역시,1469000000,,정회원,시장,중앙,,126.8515034,35.1594647
waste_광주광역시,KR,renewable,2024,0,waste,광주광역시,광주광역시,1469000000,,정회원,시장,중앙,,126.8515034,35.1594647
fuelcell_대전광역시,KR,fuelcell,2024,7.165,fuelcell,대전광역시,대전광역시,,,정회원,시장,중앙,,127.3849016,36.3497007
IGCC_대전광역시,KR,IGCC,2024,0,IGCC,대전광역시,대전광역시,,,정회원,시장,중앙,,127.3849016,36.3497007
solar_대전광역시,KR,renewable,2024,62.08183,solar,대전광역시,대전광역시,,,정회원,시장,중앙,,127.3849016,36.3497007
wind_대전광역시,KR,renewable,2024,0,wind,대전광역시,대전광역시,,,정회원,시장,중앙,,127.3849016,36.3497007
hydro_대전광역시,KR,renewable,2024,0,hydro,대전광역시,대전광역시,5571468000,,정회원,시장,중앙,,127.3849016,36.3497007
ocean_대전광역시,KR,renewable,2024,0,ocean,대전광역시,대전광역시,5571468000,,정회원,시장,중앙,,127.3849016,36.3497007
bio_대전광역시,KR,renewable,2024,0.099,bio,대전광역시,대전광역시,1469000000,,정회원,시장,중앙,,127.3849016,36.3497007
waste_대전광역시,KR,renewable,2024,0,waste,대전광역시,대전광역시,1469000000,,정회원,시장,중앙,,127.3849016,36.3497007
fuelcell_울산광역시,KR,fuelcell,2024,37.298,fuelcell,울산광역시,울산광역시,,,정회원,시장,중앙,,129.3119136,35.5391697
IGCC_울산광역시,KR,IGCC,2024,0,IGCC,울산광역시,울산광역시,,,정회원,시장,중앙,,129.3119136,35.5391697
solar_울산광역시,KR,renewable,2024,134.153515,solar,울산광역시,울산광역시,,,정회원,시장,중앙,,129.3119136,35.5391697
wind_울산광역시,KR,renewable,2024,0,wind,울산광역시,울산광역시,,,정회원,시장,중앙,,129.3119136,35.5391697
hydro_울산광역시,KR,renewable,2024,0.3,hydro,울산광역시,울산광역시,5571468000,,정회원,시장,중앙,,129.3119136,35.5391697
ocean_울산광역시,KR,renewable,2024,0,ocean,울산광역시,울산광역시,5571468000,,정회원,시장,중앙,,129.3119136,35.5391697
bio_울산광역시,KR,renewable,2024,0,bio,울산광역시,울산광역시,1469000000,,정회원,시장,중앙,,129.3119136,35.5391697
waste_울산광역시,KR,renewable,2024,0,waste,울산광역시,울산광역시,1469000000,,정회원,시장,중앙,,129.3119136,35.5391697
fuelcell_경기도,KR,fuelcell,2024,256.49,fuelcell,경기도,경기도,,,정회원,시장,중앙,,127.0535231,37.2884675
IGCC_경기도,KR,IGCC,2024,0,IGCC,경기도,경기도,,,정회원,시장,중앙,,127.0535231,37.2884675
solar_경기도,KR,renewable,2024,1849.805241,solar,경기도,경기도,,,정회원,시장,중앙,,127.0535231,37.2884675
wind_경기도,KR,renewable,2024,5.271,wind,경기도,경기도,,,정회원,시장,중앙,,127.0535231,37.2884675
hydro_경기도,KR,renewable,2024,275.954,hydro,경기도,경기도,5571468000,,정회원,시장,중앙,,127.0535231,37.2884675
ocean_경기도,KR,renewable,2024,254,ocean,경기도,경기도,5571468000,,정회원,시장,중앙,,127.0535231,37.2884675
bio_경기도,KR,renewable,2024,62.523,bio,경기도,경기도,1469000000,,정회원,시장,중앙,,127.0535231,37.2884675
waste_경기도,KR,renewable,2024,0,waste,경기도,경기도,1469000000,,정회원,시장,중앙,,127.0535231,37.2884675
fuelcell_강원특별자치도,KR,fuelcell,2024,98.496,fuelcell,강원특별자치도,강원특별자치도,,,정회원,시장,중앙,,127.7297,37.885
IGCC_강원특별자치도,KR,IGCC,2024,0,IGCC,강원특별자치도,강원특별자치도,,,정회원,시장,중앙,,127.7297,37.885
solar_강원특별자치도,KR,renewable,2024,1890.700508,solar,강원특별자치도,강원특별자치도,,,정회원,시장,중앙,,127.7297,37.885
wind_강원특별자치도,KR,renewable,2024,570.198,wind,강원특별자치도,강원특별자치도,,,정회원,시장,중앙,,127.7297,37.885
hydro_강원특별자치도,KR,renewable,2024,525.095,hydro,강원특별자치도,강원특별자치도,5571468000,,정회원,시장,중앙,,127.7297,37.885
ocean_강원특별자치도,KR,renewable,2024,0,ocean,강원특별자치도,강원특별자치도,5571468000,,정회원,시장,중앙,,127.7297,37.885
bio_강원특별자치도,KR,renewable,2024,368.465,bio,강원특별자치도,강원특별자치도,1469000000,,정회원,시장,중앙,,127.7297,37.885
waste_강원특별자치도,KR,renewable,2024,0,waste,강원특별자치도,강원특별자치도,1469000000,,정회원,시장,중앙,,127.7297,37.885
fuelcell_충청북도,KR,fuelcell,2024,39.6,fuelcell,충청북도,충청북도,,,정회원,시장,중앙,,127.4915,36.6357
IGCC_충청북도,KR,IGCC,2024,0,IGCC,충청북도,충청북도,,,정회원,시장,중앙,,127.4915,36.6357
solar_충청북도,KR,renewable,2024,1512.489724,solar,충청북도,충청북도,,,정회원,시장,중앙,,127.4915,36.6357
wind_충청북도,KR,renewable,2024,0,wind,충청북도,충청북도,,,정회원,시장,중앙,,127.4915,36.6357
hydro_충청북도,KR,renewable,2024,507.004,hydro,충청북도,충청북도,5571468000,,정회원,시장,중앙,,127.4915,36.6357
ocean_충청북도,KR,renewable,2024,0,ocean,충청북도,충청북도,5571468000,,정회원,시장,중앙,,127.4915,36.6357
bio_충청북도,KR,renewable,2024,2.66,bio,충청북도,충청북도,1469000000,,정회원,시장,중앙,,127.4915,36.6357
waste_충청북도,KR,renewable,2024,0,waste,충청북도,충청북도,1469000000,,정회원,시장,중앙,,127.4915,36.6357
fuelcell_충청남도,KR,fuelcell,2024,82.72,fuelcell,충청남도,충청남도,,,정회원,시장,중앙,,126.6729,36.6593
IGCC_충청남도,KR,IGCC,2024,346.33,IGCC,충청남도,충청남도,,,정회원,시장,중앙,,126.6729,36.6593
solar_충청남도,KR,renewable,2024,3658.706573,solar,충청남도,충청남도,,,정회원,시장,중앙,,126.6729,36.6593
wind_충청남도,KR,renewable,2024,2,wind,충청남도,충청남도,,,정회원,시장,중앙,,126.6729,36.6593
hydro_충청남도,KR,renewable,2024,32.251,hydro,충청남도,충청남도,5571468000,,정회원,시장,중앙,,126.6729,36.6593
ocean_충청남도,KR,renewable,2024,0,ocean,충청남도,충청남도,5571468000,,정회원,시장,중앙,,126.6729,36.6593
bio_충청남도,KR,renewable,2024,383.56,bio,충청남도,충청남도,1469000000,,정회원,시장,중앙,,126.6729,36.6593
waste_충청남도,KR,renewable,2024,0,waste,충청남도,충청남도,1469000000,,정회원,시장,중앙,,126.6729,36.6593
fuelcell_전북특별자치도,KR,fuelcell,2024,15.42,fuelcell,전북특별자치도,전북특별자치도,,,정회원,시장,중앙,,127.109,35.8198999
IGCC_전북특별자치도,KR,IGCC,2024,0,IGCC,전북특별자치도,전북특별자치도,,,정회원,시장,중앙,,127.109,35.8198999
solar_전북특별자치도,KR,renewable,2024,4511.897537,solar,전북특별자치도,전북특별자치도,,,정회원,시장,중앙,,127.109,35.8198999
wind_전북특별자치도,KR,renewable,2024,79.5,wind,전북특별자치도,전북특별자치도,,,정회원,시장,중앙,,127.109,35.8198999
hydro_전북특별자치도,KR,renewable,2024,78.917,hydro,전북특별자치도,전북특별자치도,5571468000,,정회원,시장,중앙,,127.109,35.8198999
ocean_전북특별자치도,KR,renewable,2024,0,ocean,전북특별자치도,전북특별자치도,5571468000,,정회원,시장,중앙,,127.109,35.8198999
bio_전북특별자치도,KR,renewable,2024,477.812,bio,전북특별자치도,전북특별자치도,1469000000,,정회원,시장,중앙,,127.109,35.8198999
waste_전북특별자치도,KR,renewable,2024,0,waste,전북특별자치도,전북특별자치도,1469000000,,정회원,시장,중앙,,127.109,35.8198999
fuelcell_전라남도,KR,fuelcell,2024,68.56,fuelcell,전라남도,전라남도,,,정회원,시장,중앙,,126.4629,34.8159
IGCC_전라남도,KR,IGCC,2024,0,IGCC,전라남도,전라남도,,,정회원,시장,중앙,,126.4629,34.8159
solar_전라남도,KR,renewable,2024,6019.388215,solar,전라남도,전라남도,,,정회원,시장,중앙,,126.4629,34.8159
wind_전라남도,KR,renewable,2024,454.875,wind,전라남도,전라남도,,,정회원,시장,중앙,,126.4629,34.8159
hydro_전라남도,KR,renewable,2024,36.776,hydro,전라남도,전라남도,5571468000,,정회원,시장,중앙,,126.4629,34.8159
ocean_전라남도,KR,renewable,2024,0.08,ocean,전라남도,전라남도,5571468000,,정회원,시장,중앙,,126.4629,34.8159
bio_전라남도,KR,renewable,2024,2.229,bio,전라남도,전라남도,1469000000,,정회원,시장,중앙,,126.4629,34.8159
waste_전라남도,KR,renewable,2024,0,waste,전라남도,전라남도,1469000000,,정회원,시장,중앙,,126.4629,34.8159
fuelcell_경상북도,KR,fuelcell,2024,66.988,fuelcell,경상북도,경상북도,,,정회원,시장,중앙,,128.5058,36.5754
IGCC_경상북도,KR,IGCC,2024,0,IGCC,경상북도,경상북도,,,정회원,시장,중앙,,128.5058,36.5754
solar_경상북도,KR,renewable,2024,3749.258558,solar,경상북도,경상북도,,,정회원,시장,중앙,,128.5058,36.5754
wind_경상북도,KR,renewable,2024,578.0097,wind,경상북도,경상북도,,,정회원,시장,중앙,,128.5058,36.5754
hydro_경상북도,KR,renewable,2024,179.955,hydro,경상북도,경상북도,5571468000,,정회원,시장,중앙,,128.5058,36.5754
ocean_경상북도,KR,renewable,2024,0,ocean,경상북도,경상북도,5571468000,,정회원,시장,중앙,,128.5058,36.5754
bio_경상북도,KR,renewable,2024,1.5,bio,경상북도,경상북도,1469000000,,정회원,시장,중앙,,128.5058,36.5754
waste_경상북도,KR,renewable,2024,0,waste,경상북도,경상북도,1469000000,,정회원,시장,중앙,,128.5058,36.5754
fuelcell_경상남도,KR,fuelcell,2024,9.315,fuelcell,경상남도,경상남도,,,정회원,시장,중앙,,128.6925,35.2382
IGCC_경상남도,KR,IGCC,2024,0,IGCC,경상남도,경상남도,,,정회원,시장,중앙,,128.6925,35.2382
solar_경상남도,KR,renewable,2024,1905.51913,solar,경상남도,경상남도,,,정회원,시장,중앙,,128.6925,35.2382
wind_경상남도,KR,renewable,2024,86.186,wind,경상남도,경상남도,,,정회원,시장,중앙,,128.6925,35.2382
hydro_경상남도,KR,renewable,2024,145.469,hydro,경상남도,경상남도,5571468000,,정회원,시장,중앙,,128.6925,35.2382
ocean_경상남도,KR,renewable,2024,0,ocean,경상남도,경상남도,5571468000,,정회원,시장,중앙,,128.6925,35.2382
bio_경상남도,KR,renewable,2024,14.025,bio,경상남도,경상남도,1469000000,,정회원,시장,중앙,,128.6925,35.2382
waste_경상남도,KR,renewable,2024,0,waste,경상남도,경상남도,1469000000,,정회원,시장,중앙,,128.6925,35.2382
fuelcell_제주특별자치도,KR,fuelcell,2024,0,fuelcell,제주특별자치도,제주특별자치도,,,정회원,시장,중앙,,126.4987083,33.4887737
IGCC_제주특별자치도,KR,IGCC,2024,0,IGCC,제주특별자치도,제주특별자치도,,,정회원,시장,중앙,,126.4987083,33.4887737
solar_제주특별자치도,KR,renewable,2024,564.98847,solar,제주특별자치도,제주특별자치도,,,정회원,시장,중앙,,126.4987083,33.4887737
wind_제주특별자치도,KR,renewable,2024,421.97,wind,제주특별자치도,제주특별자치도,,,정회원,시장,중앙,,126.4987083,33.4887737
hydro_제주특별자치도,KR,renewable,2024,0.8164,hydro,제주특별자치도,제주특별자치도,5571468000,,정회원,시장,중앙,,126.4987083,33.4887737
ocean_제주특별자치도,KR,renewable,2024,0.5,ocean,제주특별자치도,제주특별자치도,5571468000,,정회원,시장,중앙,,126.4987083,33.4887737
bio_제주특별자치도,KR,renewable,2024,434.45,bio,제주특별자치도,제주특별자치도,1469000000,,정회원,시장,중앙,,126.4987083,33.4887737
waste_제주특별자치도,KR,renewable,2024,0,waste,제주특별자치도,제주특별자치도,1469000000,,정회원,시장,중앙,,126.4987083,33.4887737
fuelcell_세종특별자치시,KR,fuelcell,2024,5.28,fuelcell,세종특별자치시,세종특별자치시,,,정회원,시장,중앙,,127.289,36.4799999
IGCC_세종특별자치시,KR,IGCC,2024,0,IGCC,세종특별자치시,세종특별자치시,,,정회원,시장,중앙,,127.289,36.4799999
solar_세종특별자치시,KR,renewable,2024,82.90724,solar,세종특별자치시,세종특별자치시,,,정회원,시장,중앙,,127.289,36.4799999
wind_세종특별자치시,KR,renewable,2024,0,wind,세종특별자치시,세종특별자치시,,,정회원,시장,중앙,,127.289,36.4799999
hydro_세종특별자치시,KR,renewable,2024,2.31,hydro,세종특별자치시,세종특별자치시,5571468000,,정회원,시장,중앙,,127.289,36.4799999
ocean_세종특별자치시,KR,renewable,2024,0,ocean,세종특별자치시,세종특별자치시,5571468000,,정회원,시장,중앙,,127.289,36.4799999
bio_세종특별자치시,KR,renewable,2024,5,bio,세종특별자치시,세종특별자치시,1469000000,,정회원,시장,중앙,,127.289,36.4799999
waste_세종특별자치시,KR,renewable,2024,0,waste,세종특별자치시,세종특별자치시,1469000000,,정회원,시장,중앙,,127.289,36.4799999